name,seq,charge,pep_mass,intensity,nce,scan_num,rt,fbr,tb,fb,mb,true_multi
WB-035,AAGAFDHPDTDELOLGGKNGESBS,3,796.704269388542,2194542.40625,20,12,6.2420832,0.6956521739130435,23,16,1;2;10;17;19;20;23;,0;0;1;1;1;1;1;1;1;0;1;1;1;1;1;1;0;1;0;0;1;1;0
WB-035,AAGAFDHPDTDELOLGGKNGESBS,3,796.702922117977,4767256.148438,20,16,7.0313088,0.7391304347826086,23,17,1;8;10;17;20;23;,0;1;1;1;1;1;1;0;1;0;1;1;1;1;1;1;0;1;1;0;1;1;0
WB-035,AAGAFDHPDTDELOLGGKNGESBS,3,796.702922117977,5996285.6875,20,18,7.6597818,0.782608695652174,23,18,1;10;19;20;23;,0;1;1;1;1;1;1;1;1;0;1;1;1;1;1;1;1;1;0;0;1;1;0
WB-035,AAGAFDHPDTDELOLGGKNGESBS,3,796.702997468004,8113237.921875,20,20,8.2880382,0.782608695652174,23,18,1;2;10;20;23;,0;0;1;1;1;1;1;1;1;0;1;1;1;1;1;1;1;1;1;0;1;1;0
WB-035,AAGAFDHPDTDELOLGGKNGESBS,3,796.703843286519,6629742.695313,20,23,9.5392542,0.7391304347826086,23,17,1;2;10;19;20;23;,0;0;1;1;1;1;1;1;1;0;1;1;1;1;1;1;1;1;0;0;1;1;0
WB-035,AAGAFDHPDTDELOLGGKNGESBS,3,796.701527261914,3033704.699219,20,30,11.608629,0.391304347826087,23,9,1;2;3;5;6;9;10;16;17;18;19;20;22;23;,0;0;0;1;0;0;1;1;0;0;1;1;1;1;1;0;0;0;0;0;1;0;0
WB-035,AAGAFDHPDTDELOLGGKNGESBS,3,796.70377761876,1166962.082031,20,35,14.1171882,0.1739130434782608,23,4,1;2;3;4;5;6;7;8;9;10;11;16;17;18;19;20;21;22;23;,0;0;0;0;0;0;0;0;0;0;0;1;1;1;1;0;0;0;0;0;0;0;0
WB-035,AAGAFDHPDTDELOLGGKNGESBS,3,796.704919711839,2015443.365234,30,12,6.2581458,0.5652173913043478,23,13,1;2;5;6;10;16;17;19;20;23;,0;0;1;1;0;0;1;1;1;0;1;1;1;1;1;0;0;1;0;0;1;1;0
CS-B2,PFGARTPGPRADARADARADARADA,2,1276.647499970926,11717617.42969,20,25,8.4248502,0.2916666666666667,24,7,1;2;4;5;6;7;8;9;10;11;14;15;17;18;19;21;22;,0;0;1;0;0;0;0;0;0;0;0;1;1;0;0;1;0;0;0;1;0;0;1;1
CS-B2,PFGARTPGPRADARADARADARADA,2,1276.646999502235,16094050.28906,20,36,10.1892018,0.2916666666666667,24,7,1;2;3;4;5;7;8;9;10;11;14;15;17;18;19;21;22;,0;0;0;0;0;1;0;0;0;0;0;1;1;0;0;1;0;0;0;1;0;0;1;1
CS-B2,PFGARTPGPRADARADARADARADA,2,1276.647652716989,16430177.71094,20,42,11.1122538,0.2916666666666667,24,7,2;3;4;5;6;7;8;9;10;11;14;15;17;18;19;21;22;,1;0;0;0;0;0;0;0;0;0;0;1;1;0;0;1;0;0;0;1;0;0;1;1
CS-B2,PFGARTPGPRADARADARADARADA,2,1276.647442283054,16922186.75781,20,48,12.0352008,0.2916666666666667,24,7,2;3;4;5;6;7;8;9;10;11;14;15;17;18;19;21;22;,1;0;0;0;0;0;0;0;0;0;0;1;1;0;0;1;0;0;0;1;0;0;1;1
CS-B2,PFGARTPGPRADARADARADARADA,2,1276.647700707349,12044623.09375,20,59,13.8002286,0.25,24,6,1;2;3;4;5;6;7;8;9;10;11;14;15;17;18;19;21;22;,0;0;0;0;0;0;0;0;0;0;0;1;1;0;0;1;0;0;0;1;0;0;1;1
CS-B2,PFGARTPGPRADARADARADARADA,2,1276.647344988975,10686445.92188,20,65,14.7241812,0.25,24,6,1;2;3;4;5;6;7;8;9;10;11;14;15;17;18;19;21;22;,0;0;0;0;0;0;0;0;0;0;0;1;1;0;0;1;0;0;0;1;0;0;1;1
CS-B2,PFGARTPGPRADARADARADARADA,2,1276.647170096758,8690283.914062,20,71,15.648558,0.2083333333333333,24,5,1;2;3;4;5;6;7;8;9;10;11;14;15;17;18;19;21;22;23;,0;0;0;0;0;0;0;0;0;0;0;1;1;0;0;1;0;0;0;1;0;0;0;1
CS-B2,PFGARTPGPRADARADARADARADA,2,1276.64824525134,6702584.207031,20,77,16.5736482,0.2083333333333333,24,5,1;2;3;4;5;6;7;8;9;10;11;14;15;17;18;19;21;22;23;,0;0;0;0;0;0;0;0;0;0;0;1;1;0;0;1;0;0;0;1;0;0;0;1
JX-036,KKADKASLQQOBYDTYQBLYKQQSQK,2,1538.81550516019,12047371.4375,20,14,5.96463822,1.0,25,25,,1;1;1;1;1;1;1;1;1;1;1;1;1;1;1;1;1;1;1;1;1;1;1;1;1
JX-036,KKADKASLQQOBYDTYQBLYKQQSQK,2,1538.813925137537,81239666.0,20,20,6.8793432,1.0,25,25,,1;1;1;1;1;1;1;1;1;1;1;1;1;1;1;1;1;1;1;1;1;1;1;1;1
JX-036,KKADKASLQQOBYDTYQBLYKQQSQK,2,1538.815586043763,113248370.375,20,26,7.7934582,1.0,25,25,,1;1;1;1;1;1;1;1;1;1;1;1;1;1;1;1;1;1;1;1;1;1;1;1;1
JX-036,KKADKASLQQOBYDTYQBLYKQQSQK,2,1538.814875415366,139378510.5,20,32,8.7076422,1.0,25,25,,1;1;1;1;1;1;1;1;1;1;1;1;1;1;1;1;1;1;1;1;1;1;1;1;1
JX-036,KKADKASLQQOBYDTYQBLYKQQSQK,2,1538.815121420564,119139826.375,20,38,9.6218442,1.0,25,25,,1;1;1;1;1;1;1;1;1;1;1;1;1;1;1;1;1;1;1;1;1;1;1;1;1
JX-036,KKADKASLQQOBYDTYQBLYKQQSQK,2,1538.814412579845,129780230.1875,20,44,10.5359688,1.0,25,25,,1;1;1;1;1;1;1;1;1;1;1;1;1;1;1;1;1;1;1;1;1;1;1;1;1
JX-036,KKADKASLQQOBYDTYQBLYKQQSQK,2,1538.815449258547,121583446.4375,20,50,11.450079,1.0,25,25,,1;1;1;1;1;1;1;1;1;1;1;1;1;1;1;1;1;1;1;1;1;1;1;1;1
JX-036,KKADKASLQQOBYDTYQBLYKQQSQK,2,1538.814836746082,127191618.375,20,56,12.3642012,1.0,25,25,,1;1;1;1;1;1;1;1;1;1;1;1;1;1;1;1;1;1;1;1;1;1;1;1;1
JT-119,KLQLABTNOLBEGBHZKEFDBLGKBGKG,2,1490.845596658296,16122232.79297,20,15,6.721584,0.8888888888888888,27,24,3;4;7;,1;1;0;0;1;1;0;1;1;1;1;1;1;1;1;1;1;1;1;1;1;1;1;1;1;1;1
JT-119,KLQLABTNOLBEGBHZKEFDBLGKBGKG,2,1490.844776634701,150532243.0,20,21,7.636026,0.9629629629629628,27,26,2;,1;0;1;1;1;1;1;1;1;1;1;1;1;1;1;1;1;1;1;1;1;1;1;1;1;1;1
JT-119,KLQLABTNOLBEGBHZKEFDBLGKBGKG,2,1490.846532316622,18292470.875,20,187,35.483937,0.4074074074074074,27,11,2;3;4;5;6;7;11;13;15;16;17;18;21;23;25;26;,1;0;0;0;0;0;0;1;1;1;0;1;0;1;0;0;0;0;1;1;0;1;0;1;0;0;1
JT-119,KLQLABTNOLBEGBHZKEFDBLGKBGKG,2,1490.847602180684,16120500.9375,20,198,37.251234,0.3333333333333333,27,9,1;2;3;4;5;6;7;8;11;13;15;16;17;19;21;22;23;25;,0;0;0;0;0;0;0;0;1;1;0;1;0;1;0;0;0;1;0;1;0;0;0;1;0;1;1
JT-119,KLQLABTNOLBEGBHZKEFDBLGKBGKG,2,1490.847622716475,13306715.38281,20,209,39.0189372,0.3333333333333333,27,9,2;3;4;5;6;7;8;11;13;14;15;16;18;21;22;23;25;26;,1;0;0;0;0;0;0;0;1;1;0;1;0;0;0;0;1;0;1;1;0;0;0;1;0;0;1
JT-119,KLQLABTNOLBEGBHZKEFDBLGKBGKG,2,1490.847235535118,11553587.95312,20,230,42.471735,0.2962962962962963,27,8,2;3;4;5;6;7;8;11;13;14;15;16;17;19;21;22;23;25;26;,1;0;0;0;0;0;0;0;1;1;0;1;0;0;0;0;0;1;0;1;0;0;0;1;0;0;1
JT-119,KLQLABTNOLBEGBHZKEFDBLGKBGKG,2,1490.847360492422,10224586.75,20,236,43.3972782,0.3333333333333333,27,9,2;3;4;5;6;7;8;11;13;14;15;16;17;21;22;23;25;26;,1;0;0;0;0;0;0;0;1;1;0;1;0;0;0;0;0;1;1;1;0;0;0;1;0;0;1
JT-119,KLQLABTNOLBEGBHZKEFDBLGKBGKG,2,1490.847492424063,8549341.03125,20,242,44.3229402,0.2592592592592592,27,7,1;2;3;4;5;6;7;8;11;13;15;16;17;18;19;21;22;23;25;26;,0;0;0;0;0;0;0;0;1;1;0;1;0;1;0;0;0;0;0;1;0;0;0;1;0;0;1
CO-024,ADBDHDEFYLEHFKTYSHAANNTKFLSLP,2,1698.800927552834,7090768.953125,20,15,6.6609258,0.9642857142857144,28,27,1;,0;1;1;1;1;1;1;1;1;1;1;1;1;1;1;1;1;1;1;1;1;1;1;1;1;1;1;1
CO-024,ADBDHDEFYLEHFKTYSHAANNTKFLSLP,2,1698.799968420175,56354213.4375,20,21,7.5849462,0.9642857142857144,28,27,5;,1;1;1;1;0;1;1;1;1;1;1;1;1;1;1;1;1;1;1;1;1;1;1;1;1;1;1;1
CO-024,ADBDHDEFYLEHFKTYSHAANNTKFLSLP,2,1698.799494152341,114921194.6875,20,27,8.4991674,0.9642857142857144,28,27,1;,0;1;1;1;1;1;1;1;1;1;1;1;1;1;1;1;1;1;1;1;1;1;1;1;1;1;1;1
CO-024,ADBDHDEFYLEHFKTYSHAANNTKFLSLP,2,1698.799140929218,123493818.5313,20,33,9.4226862,0.9642857142857144,28,27,1;,0;1;1;1;1;1;1;1;1;1;1;1;1;1;1;1;1;1;1;1;1;1;1;1;1;1;1;1
CO-024,ADBDHDEFYLEHFKTYSHAANNTKFLSLP,2,1698.800226417479,106576616.375,20,39,10.3369248,0.9642857142857144,28,27,14;,1;1;1;1;1;1;1;1;1;1;1;1;1;0;1;1;1;1;1;1;1;1;1;1;1;1;1;1
CO-024,ADBDHDEFYLEHFKTYSHAANNTKFLSLP,2,1698.799295389442,110611316.6875,20,45,11.260545,0.9285714285714286,28,26,1;23;,0;1;1;1;1;1;1;1;1;1;1;1;1;1;1;1;1;1;1;1;1;1;0;1;1;1;1;1
CO-024,ADBDHDEFYLEHFKTYSHAANNTKFLSLP,2,1698.79989162201,110319841.5,20,51,12.1747302,0.9642857142857144,28,27,15;,1;1;1;1;1;1;1;1;1;1;1;1;1;1;0;1;1;1;1;1;1;1;1;1;1;1;1;1
CO-024,ADBDHDEFYLEHFKTYSHAANNTKFLSLP,2,1698.79913758836,84000357.6875,20,57,13.0982508,0.9642857142857144,28,27,1;,0;1;1;1;1;1;1;1;1;1;1;1;1;1;1;1;1;1;1;1;1;1;1;1;1;1;1;1
JT-161,KBDHODNHPLAANQTBBKFQBNOFSHHNFH,2,1728.850734013157,6927869.796875,20,43,12.267132,0.4137931034482758,29,12,1;7;9;10;11;12;13;14;18;19;20;21;22;24;25;27;28;,0;1;1;1;1;1;0;1;0;0;0;0;0;0;1;1;1;0;0;0;0;0;1;0;0;1;0;0;1
JT-161,KBDHODNHPLAANQTBBKFQBNOFSHHNFH,2,1728.851509345536,4803184.03125,20,49,13.2178392,0.3793103448275862,29,11,1;2;4;7;9;10;11;12;13;14;18;19;20;21;25;26;27;28;,0;0;1;0;1;1;0;1;0;0;0;0;0;0;1;1;1;0;0;0;0;1;1;1;0;0;0;0;1
JT-161,KBDHODNHPLAANQTBBKFQBNOFSHHNFH,2,1728.853257767649,3769767.054688,20,60,15.0358548,0.3103448275862069,29,9,1;2;4;7;8;9;10;11;12;13;14;18;19;20;21;22;25;26;27;28;,0;0;1;0;1;1;0;0;0;0;0;0;0;0;1;1;1;0;0;0;0;0;1;1;0;0;0;0;1
JT-161,KBDHODNHPLAANQTBBKFQBNOFSHHNFH,2,1728.849239846349,4120633.59375,30,30,9.919557,0.5172413793103449,29,15,1;2;3;7;9;10;12;13;14;18;19;21;28;29;,0;0;0;1;1;1;0;1;0;0;1;0;0;0;1;1;1;0;0;1;0;1;1;1;1;1;1;0;0
JT-161,KBDHODNHPLAANQTBBKFQBNOFSHHNFH,2,1728.850383828822,6993021.359375,30,41,11.750415,0.7241379310344828,29,21,1;2;9;11;12;13;19;20;,0;0;1;1;1;1;1;1;0;1;0;0;0;1;1;1;1;1;0;0;1;1;1;1;1;1;1;1;1
JT-161,KBDHODNHPLAANQTBBKFQBNOFSHHNFH,2,1728.850451345583,5103233.4375,40,35,10.8171708,0.1034482758620689,29,3,1;2;3;4;5;6;7;8;9;10;11;12;13;14;15;16;17;18;19;20;21;22;24;25;26;29;,0;0;0;0;0;0;0;0;0;0;0;0;0;0;0;0;0;0;0;0;0;0;1;0;0;0;1;1;0
JT-161,KBDHODNHPLAANQTBBKFQBNOFSHHNFH,2,1728.852292848359,4553844.179688,40,60,15.2181918,0.0689655172413793,29,2,1;2;3;5;6;7;8;9;10;11;12;13;14;15;16;17;18;19;20;21;22;23;24;25;26;28;29;,0;0;0;1;0;0;0;0;0;0;0;0;0;0;0;0;0;0;0;0;0;0;0;0;0;0;1;0;0
JT-161,KBDHODNHPLAANQTBBKFQBNOFSHHNFH,2,1728.85028338201,4440522.5625,50,57,13.9601538,0.0,29,0,1;2;3;4;5;6;7;8;9;10;11;12;13;14;15;16;17;18;19;20;21;22;23;24;25;26;27;28;29;,0;0;0;0;0;0;0;0;0;0;0;0;0;0;0;0;0;0;0;0;0;0;0;0;0;0;0;0;0
CS-023,EAIGIEENNKDLEPEINALHNHAYPFGNHLO,2,1756.868566297536,4227137.484375,20,19,7.5527124,0.4,30,12,1;2;4;5;6;8;9;14;16;17;18;21;23;25;26;27;28;29;,0;0;1;0;0;0;1;0;0;1;1;1;1;0;1;0;0;0;1;1;0;1;0;1;0;0;0;0;0;1
CS-023,EAIGIEENNKDLEPEINALHNHAYPFGNHLO,2,1756.862656972791,3492696.5,20,20,7.5651828,0.4666666666666667,30,14,1;2;3;4;5;6;8;9;14;17;18;20;21;25;26;27;,0;0;0;0;0;0;1;0;0;1;1;1;1;0;1;1;0;0;1;0;0;1;1;1;0;0;0;1;1;1
CS-023,EAIGIEENNKDLEPEINALHNHAYPFGNHLO,2,1756.86676706112,12631645.59375,20,23,8.338023,0.4333333333333333,30,13,2;3;4;5;6;8;9;14;17;18;19;21;22;25;26;27;28;,1;0;0;0;0;0;1;0;0;1;1;1;1;0;1;1;0;0;0;1;0;0;1;1;0;0;0;0;1;1
CS-023,EAIGIEENNKDLEPEINALHNHAYPFGNHLO,2,1756.860680858312,9958354.546875,20,25,8.420556,0.4,30,12,2;3;4;5;8;9;12;14;16;17;18;19;20;21;22;25;27;28;,1;0;0;0;0;1;1;0;0;1;1;0;1;0;1;0;0;0;0;0;0;0;1;1;0;1;0;0;1;1
CS-023,EAIGIEENNKDLEPEINALHNHAYPFGNHLO,2,1756.863155279779,11780670.1875,20,33,10.0351722,0.5,30,15,2;4;5;6;7;8;9;14;17;18;23;25;26;27;29;,1;0;1;0;0;0;0;0;0;1;1;1;1;0;1;1;0;0;1;1;1;1;0;1;0;0;0;1;0;1
CS-023,EAIGIEENNKDLEPEINALHNHAYPFGNHLO,2,1756.860561147026,13979417.63281,20,51,12.7125048,0.4666666666666667,30,14,2;3;4;5;6;8;10;14;16;17;18;20;21;25;26;27;,1;0;0;0;0;0;1;0;1;0;1;1;1;0;1;0;0;0;1;0;0;1;1;1;0;0;0;1;1;1
CS-023,EAIGIEENNKDLEPEINALHNHAYPFGNHLO,2,1756.863536882448,10767495.89844,20,53,13.4148042,0.3333333333333333,30,10,2;3;4;5;8;9;12;14;15;16;17;18;20;21;23;25;26;27;28;29;,1;0;0;0;0;1;1;0;0;1;1;0;1;0;0;0;0;0;1;0;0;1;0;1;0;0;0;0;0;1
CS-023,EAIGIEENNKDLEPEINALHNHAYPFGNHLO,2,1756.860031317622,11629867.39062,20,57,13.638009,0.2666666666666666,30,8,2;3;4;5;6;7;8;9;10;12;14;16;17;18;20;21;22;25;26;27;28;29;,1;0;0;0;0;0;0;0;0;0;1;0;1;0;1;0;0;0;1;0;0;0;1;1;0;0;0;0;0;1
CS-007,DAEGEDHEGHEGGYEOEEHHGYGFEAEIENEP,2,1806.715614111138,3303175.71875,30,26,8.4629538,0.3870967741935484,31,12,2;3;4;5;6;12;13;15;18;20;21;22;23;24;25;26;27;28;30;,1;0;0;0;0;0;1;1;1;1;1;0;0;1;0;1;1;0;1;0;0;0;0;0;0;0;0;0;1;0;1
CS-007,DAEGEDHEGHEGGYEOEEHHGYGFEAEIENEP,2,1806.712447975824,3266135.71875,30,40,11.4492948,0.3870967741935484,31,12,2;3;4;5;6;12;13;14;19;20;21;22;23;24;25;26;28;29;30;,1;0;0;0;0;0;1;1;1;1;1;0;0;0;1;1;1;1;0;0;0;0;0;0;0;0;1;0;0;0;1
CS-007,DAEGEDHEGHEGGYEOEEHHGYGFEAEIENEP,2,1806.712447975824,4377984.640625,30,42,12.0853332,0.4516129032258064,31,14,2;3;5;6;12;13;18;19;20;21;22;23;24;25;26;28;29;,1;0;0;1;0;0;1;1;1;1;1;0;0;1;1;1;1;0;0;0;0;0;0;0;0;0;1;0;0;1;1
CS-007,DAEGEDHEGHEGGYEOEEHHGYGFEAEIENEP,2,1806.716006596694,3592534.859375,40,29,8.2143168,0.032258064516129,31,1,1;2;3;4;5;6;8;9;10;11;12;13;14;15;16;17;18;19;20;21;22;23;24;25;26;27;28;29;30;31;,0;0;0;0;0;0;1;0;0;0;0;0;0;0;0;0;0;0;0;0;0;0;0;0;0;0;0;0;0;0;0
CS-007,DAEGEDHEGHEGGYEOEEHHGYGFEAEIENEP,2,1806.714318166005,3824692.382813,40,38,9.880494,0.0967741935483871,31,3,1;2;3;4;5;6;10;11;12;13;14;15;16;17;18;19;20;21;22;23;24;25;26;27;28;29;30;31;,0;0;0;0;0;0;1;1;1;0;0;0;0;0;0;0;0;0;0;0;0;0;0;0;0;0;0;0;0;0;0
CS-007,DAEGEDHEGHEGGYEOEEHHGYGFEAEIENEP,2,1806.713945066777,4375088.382812,40,48,11.6072928,0.0967741935483871,31,3,1;2;4;5;6;9;10;11;12;13;14;15;16;17;18;19;20;21;22;23;24;25;26;27;28;29;30;31;,0;0;1;0;0;0;1;1;0;0;0;0;0;0;0;0;0;0;0;0;0;0;0;0;0;0;0;0;0;0;0
CS-007,DAEGEDHEGHEGGYEOEEHHGYGFEAEIENEP,2,1806.713197253065,2208622.105469,40,62,14.6611578,0.0,31,0,1;2;3;4;5;6;7;8;9;10;11;12;13;14;15;16;17;18;19;20;21;22;23;24;25;26;27;28;29;30;31;,0;0;0;0;0;0;0;0;0;0;0;0;0;0;0;0;0;0;0;0;0;0;0;0;0;0;0;0;0;0;0
CS-007,DAEGEDHEGHEGGYEOEEHHGYGFEAEIENEP,2,1806.718515687774,3466405.984375,50,29,7.778751,0.0,31,0,1;2;3;4;5;6;7;8;9;10;11;12;13;14;15;16;17;18;19;20;21;22;23;24;25;26;27;28;29;30;31;,0;0;0;0;0;0;0;0;0;0;0;0;0;0;0;0;0;0;0;0;0;0;0;0;0;0;0;0;0;0;0
