bond_aa,bond_pos,bond_label,seq,charge,pep_mass,intensity,nce,scan_num,rt
ST,0,0,STKABDFYPQGTATSDAAEFGYED,2,1279.057610968719,40333286.38721,30,2,0.82725786
TK,1,1,STKABDFYPQGTATSDAAEFGYED,2,1279.057610968719,40333286.38721,30,2,0.82725786
KA,2,1,STKABDFYPQGTATSDAAEFGYED,2,1279.057610968719,40333286.38721,30,2,0.82725786
AB,3,1,STKABDFYPQGTATSDAAEFGYED,2,1279.057610968719,40333286.38721,30,2,0.82725786
BD,4,1,STKABDFYPQGTATSDAAEFGYED,2,1279.057610968719,40333286.38721,30,2,0.82725786
DF,5,1,STKABDFYPQGTATSDAAEFGYED,2,1279.057610968719,40333286.38721,30,2,0.82725786
FY,6,1,STKABDFYPQGTATSDAAEFGYED,2,1279.057610968719,40333286.38721,30,2,0.82725786
YP,7,1,STKABDFYPQGTATSDAAEFGYED,2,1279.057610968719,40333286.38721,30,2,0.82725786
PQ,8,1,STKABDFYPQGTATSDAAEFGYED,2,1279.057610968719,40333286.38721,30,2,0.82725786
QG,9,1,STKABDFYPQGTATSDAAEFGYED,2,1279.057610968719,40333286.38721,30,2,0.82725786
GT,10,1,STKABDFYPQGTATSDAAEFGYED,2,1279.057610968719,40333286.38721,30,2,0.82725786
TA,11,1,STKABDFYPQGTATSDAAEFGYED,2,1279.057610968719,40333286.38721,30,2,0.82725786
AT,12,1,STKABDFYPQGTATSDAAEFGYED,2,1279.057610968719,40333286.38721,30,2,0.82725786
TS,13,1,STKABDFYPQGTATSDAAEFGYED,2,1279.057610968719,40333286.38721,30,2,0.82725786
SD,14,1,STKABDFYPQGTATSDAAEFGYED,2,1279.057610968719,40333286.38721,30,2,0.82725786
DA,15,1,STKABDFYPQGTATSDAAEFGYED,2,1279.057610968719,40333286.38721,30,2,0.82725786
AA,16,1,STKABDFYPQGTATSDAAEFGYED,2,1279.057610968719,40333286.38721,30,2,0.82725786
AE,17,1,STKABDFYPQGTATSDAAEFGYED,2,1279.057610968719,40333286.38721,30,2,0.82725786
EF,18,1,STKABDFYPQGTATSDAAEFGYED,2,1279.057610968719,40333286.38721,30,2,0.82725786
FG,19,1,STKABDFYPQGTATSDAAEFGYED,2,1279.057610968719,40333286.38721,30,2,0.82725786
GY,20,1,STKABDFYPQGTATSDAAEFGYED,2,1279.057610968719,40333286.38721,30,2,0.82725786
YE,21,1,STKABDFYPQGTATSDAAEFGYED,2,1279.057610968719,40333286.38721,30,2,0.82725786
ED,22,0,STKABDFYPQGTATSDAAEFGYED,2,1279.057610968719,40333286.38721,30,2,0.82725786
ST,0,0,STKABDFYPQGTATSDAAEFGYED,4,640.031853431055,10812201.61865,30,3,0.90697998
TK,1,1,STKABDFYPQGTATSDAAEFGYED,4,640.031853431055,10812201.61865,30,3,0.90697998
KA,2,1,STKABDFYPQGTATSDAAEFGYED,4,640.031853431055,10812201.61865,30,3,0.90697998
AB,3,1,STKABDFYPQGTATSDAAEFGYED,4,640.031853431055,10812201.61865,30,3,0.90697998
BD,4,1,STKABDFYPQGTATSDAAEFGYED,4,640.031853431055,10812201.61865,30,3,0.90697998
DF,5,1,STKABDFYPQGTATSDAAEFGYED,4,640.031853431055,10812201.61865,30,3,0.90697998
FY,6,1,STKABDFYPQGTATSDAAEFGYED,4,640.031853431055,10812201.61865,30,3,0.90697998
YP,7,1,STKABDFYPQGTATSDAAEFGYED,4,640.031853431055,10812201.61865,30,3,0.90697998
PQ,8,1,STKABDFYPQGTATSDAAEFGYED,4,640.031853431055,10812201.61865,30,3,0.90697998
QG,9,1,STKABDFYPQGTATSDAAEFGYED,4,640.031853431055,10812201.61865,30,3,0.90697998
GT,10,1,STKABDFYPQGTATSDAAEFGYED,4,640.031853431055,10812201.61865,30,3,0.90697998
TA,11,1,STKABDFYPQGTATSDAAEFGYED,4,640.031853431055,10812201.61865,30,3,0.90697998
AT,12,1,STKABDFYPQGTATSDAAEFGYED,4,640.031853431055,10812201.61865,30,3,0.90697998
TS,13,1,STKABDFYPQGTATSDAAEFGYED,4,640.031853431055,10812201.61865,30,3,0.90697998
SD,14,1,STKABDFYPQGTATSDAAEFGYED,4,640.031853431055,10812201.61865,30,3,0.90697998
DA,15,1,STKABDFYPQGTATSDAAEFGYED,4,640.031853431055,10812201.61865,30,3,0.90697998
AA,16,1,STKABDFYPQGTATSDAAEFGYED,4,640.031853431055,10812201.61865,30,3,0.90697998
AE,17,0,STKABDFYPQGTATSDAAEFGYED,4,640.031853431055,10812201.61865,30,3,0.90697998
EF,18,1,STKABDFYPQGTATSDAAEFGYED,4,640.031853431055,10812201.61865,30,3,0.90697998
FG,19,1,STKABDFYPQGTATSDAAEFGYED,4,640.031853431055,10812201.61865,30,3,0.90697998
GY,20,1,STKABDFYPQGTATSDAAEFGYED,4,640.031853431055,10812201.61865,30,3,0.90697998
YE,21,1,STKABDFYPQGTATSDAAEFGYED,4,640.031853431055,10812201.61865,30,3,0.90697998
ED,22,0,STKABDFYPQGTATSDAAEFGYED,4,640.031853431055,10812201.61865,30,3,0.90697998
KG,1,1,OKGQBNDTNYKLSAKQOAGKFLBL,5,525.697138832905,17458942.2334,50,295,50.3074872
PT,12,1,FBYNSEALFSBEPTSSPOSSTOGOFOABY,6,518.091028825658,15109569.03516,20,277,49.7313018
AH,19,0,LLKQKQDDFBLPQFPFNFSAHNOLDGALL,6,553.629759821039,40281609.85156,40,233,37.3434312
YO,11,1,KBHDPTPEEQKYOOAPBQEYNLLAKYQHLQ,3,1190.283536433868,209715166.5625,20,62,14.5513386
LS,25,1,SNKYAGAPOSDPYDHKBQYTGASQSLSOA,5,612.297057000103,37368416.98242,30,31,5.9897799
PQ,7,0,LLOHGTTPQTPGYOKBFBPGGYNGEHHSD,3,1037.510468983817,114125823.0,40,69,12.2979
DP,11,0,OGGQYAEQNOQDPDDHBKEPYOQDDFOOF,4,850.396884989863,1775511.433594,40,319,56.7467772
SH,24,1,KBDHODNHPLAANQTBBKFQBNOFSHHNFH,3,1152.903198401821,23154407.47266,30,78,18.498255
AB,8,0,SKKAGHKBABSSKBKPGEKLOGHH,3,828.804406448916,1503391.601562,40,15,8.8603758
TF,16,0,KFEALSLHHAOAGEFKTFDEHKDTTFDYEK,3,1185.913906770515,3262184.34375,20,240,46.1068392
TO,10,0,DQSGTTFYDDTOELHSKOFSQYTHSOITYSOE,4,936.689022915039,5993281.90332,40,195,37.5956952
TH,16,1,SAKASFNKEKKLNDAFTHEDBLNH,5,546.878088661931,3373886.192383,30,293,52.8272382
OA,12,1,HHBNHNGSPEQTOAPYNQYYOKNGLLFNF,4,851.911264931405,103541674.3125,20,49,12.5254566
QF,11,0,SDGADETBYNDQFPBNDEAFPDLB,4,655.27619395287,1484846.77124,50,117,31.028565
LK,19,1,QOKADQADGGYPEYEOBBHLKASS,4,649.319158800258,30620674.78906,50,88,16.135758
KP,16,0,YTKABGKPNAPDNOFSKPAPKGQT,4,630.082419569827,44490465.37695,50,39,7.40046
NT,27,1,DPKDAQPOEPTHDFYOFYNKLHYDHGYNTGQI,4,960.4500128371,110496763.9141,20,20,8.1931242
AK,22,0,YPKGQTQFHHFNDSGGPQLPYYAK,5,556.867738493655,43730052.23926,30,141,25.8446922
OB,15,1,PDKATNYGBPLDFSHOBPNBNHDK,3,880.430170841517,17055486.21094,30,26,7.7194488
GH,12,0,NGKAFQNKAYOGGHABSQDQTBLH,5,512.458031585866,2895265.556885,20,317,58.6853958
DD,2,1,YYDDAQFOFSTALDLTYHBEHKFGTLTFY,3,1165.212527770999,25963150.09375,20,62,14.5907508
EH,26,1,KQTTLKABBKYLDKSHKOHSHSGSHPEHO,4,821.189912331168,3824718.902344,40,234,49.4062308
LX,15,0,KDKDQBBFBELHNHDLXTFPYPYHLOTFT,4,882.438207830301,8691542.158203,40,149,27.6245682
KI,12,1,EOHDFGTPLFTHKIAYNHPANSTYTLEINNO,3,1191.587441854401,2808776.53125,30,297,53.096265
NQ,6,0,LAKGQBNQDEYOGSGODYNHTLFN,2,1343.135778097581,21474219.40625,50,72,12.4359402
HF,10,0,BBKSTTYTHNHFHBYKSATEHYQFATLBS,5,669.521317019169,73678418.84375,50,135,22.266411
YB,4,0,SEKSYBLHPAYDQTTYYSBELDPE,4,702.818997332543,158103473.8086,50,44,12.1374468
DD,6,0,HTKGNQDDSKDBODPFQFHHQTTK,6,469.393568475103,2170056.746826,50,7,1.77984306
ES,17,1,KPGOANGGAAFKNKAKKESDAQGDYKYKB,4,768.656776518981,5821872.285156,30,342,59.0364732
HY,0,1,HYBTOEOTFNSBSBAALSGKDSASOOGNN,6,496.248055561244,9835204.121094,20,289,53.2353282
LH,12,0,KKDDKYTTLNHQLHLHFFPLGBYPSK,5,623.53355096703,2254993539.562,50,71,11.8432152
AY,5,0,KTSFPAYNQELEFOAEAHDPFOODEGOATE,5,680.729161628042,1923985.078125,40,157,34.787946
DF,15,0,OLKAKDQNTGEPLKQDFPBTKFQS,3,907.482517214863,3919637.783203,40,347,58.8944838
TO,2,0,BOTOKOPHGPFTDPTAOTPEFYHSGEPYL,2,1616.307739257812,4239548.375,20,285,48.489081
TN,7,0,OKGQBNDTNYKLSAKQOAGKFLBL,5,525.696609897421,307490473.8438,50,67,11.7684486
HG,6,1,KKTTKAHGLKFTFBQBBSNAOTGAQK,6,461.596016288867,42893063.26953,30,251,40.9836342
EN,6,1,EAIGIEENNKDLEPEINALHNHAYPFGNHLO,5,703.347456823246,134889529.877,30,118,20.8776582
HZ,14,0,KLQLABTNOLBEGBHZKEFDBLGKBGKG,6,497.620149455691,426137176.4844,40,95,16.4980272
OL,8,1,SAKANBKHOLTGPEKKGTKSYPTQ,3,857.801664762479,2652769.584961,20,121,24.3326052
SK,10,0,KTBFSHDKGKSKYFGKNKHYOKBGKATAT,2,1622.383737997802,3047925.9375,40,30,8.649561
SD,20,0,EHQENAHFYLPGHYKHGASLSDTOHFPNOYI,4,910.186197461419,20691153.90625,40,82,16.591359
GK,19,0,OBPGGBETNYHTFDKAAQYGKYBELBPHY,5,649.716279302428,139430941.0469,50,111,18.4285062
PH,3,0,GKHPHDTFSKPQGQAEEDTKTTKOLKBYG,3,1076.885035906853,45446986.07813,50,107,17.7834912
GK,12,0,LKGQOYYOAKBFGKTPSPDOBOSS,5,521.28527752393,6673832.817871,50,174,30.780384
KG,26,0,KLQLABTNOLBEGBHZKEFDBLGKBGKG,5,596.943050108302,64695954.21094,30,251,42.685833
AA,13,1,KNGTKTAHASTLNAAQFPOYOYEBNGLTGA,5,628.725492368837,162191514.6875,30,255,40.471776
AK,13,0,SSTKOGYEKEQFEAKSHEDYFHTDGHGSF,4,841.378295898438,3167766.277344,40,235,41.844198
LP,17,1,SFKANSKKHDOPSYFTTLPFDQLF,4,708.862684882248,824962063.7344,30,21,7.3012758
PH,16,0,GHLBOQLPLPAOFPLDPHBSHTEPKSQAN,3,1044.554709789987,94436041.0,40,99,16.4013858
BN,0,0,BNKGLSPLBPHPPHEQNGQGDLDSKTSHG,5,604.696775039778,23014790.81641,50,324,54.5122752
YK,7,1,YAQKTYNYKNSPDYTSSFGAAPTFBAADG,4,781.106933948798,44018602.97656,40,302,54.0836898
KS,7,0,OSTHDKGKSKYEFKOKHTLKTGKHOGSAK,4,818.458984375,5954839.882813,40,204,35.0208966
PP,16,1,PGNTPTOLKNFNFKHBPPABKQGOTYTYO,4,809.682058750092,11298065.86719,30,258,41.836092
LB,9,0,ADPYHEYTNLBKNDHLTQPQLDADBDKND,4,836.387365993114,17801037.75781,40,216,36.265854
BK,10,0,ADPYHEYTNLBKNDHLTQPQLDADBDKND,5,669.311252081078,71283267.83203,50,182,30.3899064
EG,10,0,PPKAADTNNKEGLEABNABNKTFL,6,420.053991956641,17926200.39844,50,177,29.136153
QG,20,1,SLKADFAGAQDSPYLQQLEPQGBA,2,1260.62211503185,8635336.03125,50,139,28.8652098
KY,20,1,SBKTGOKANENEBYALNPNQKYTP,5,531.472337961863,20048675.29102,20,193,36.7691238
GP,1,0,QGPGYGQLEOALSSKOGEEOGLEH,2,1264.639934971012,2642691.949219,30,186,29.8678242
FH,7,0,YPKGQTQFHHFNDSGGPQLPYYAK,3,927.440640912305,23019045.8457,40,122,22.6029762
FH,7,1,YPKGQTQFHHFNDSGGPQLPYYAK,3,927.440063814685,20053080.07812,20,121,24.813774
QP,25,1,AGQBQPBNBYBTBPBLBBPSYDSNBQPQH,3,1006.154184192807,8353519.511719,50,190,31.1463012
KK,0,0,KKSNKAQKYLKPBLLEQQFGQEAKNK,4,758.93137265128,230504751.9375,30,13,2.5651941
HQ,1,1,OHQSEFNOGPYLSBDDPADTNGNSGLQAP,3,1015.799634143571,23417757.45703,50,205,35.2511712
SA,7,0,OAKANHFSAAHHGFYHHSYPQBQN,5,550.662118637947,10400759.0293,40,248,43.2099042
ED,8,1,HAHLQGBOEDSHOOPQKTDEYGEYPYHQH,3,1144.534581600512,57510312.625,40,87,14.6069274
KK,20,1,KKAKPKNKKKOKAKAQKQKQKKKANBLPY,6,564.028854507777,283751915.1875,50,70,12.9761928
EK,1,1,NEKAEYBAKHDHPETHYPBLSTAG,4,667.568870500294,18541385.9043,50,120,21.5845008
HS,26,0,LLOHGTTPQTPGYOKBFBPGGYNGEHHSD,3,1037.510685790335,94276085.0,20,62,13.9779918
NE,6,0,LSKHYHNEBABPPGELNLOQNDBE,5,536.266044253112,36594186.08398,20,185,33.9519672
GG,11,1,DAEGEDHEGHEGGYEOEEHHGYGFEAEIENEP,4,903.85927931902,61190056.95703,40,70,16.2304422
DY,19,1,BNSBYAFGBEFYFGAYHLHDYFSKNKGQG,3,1102.505950580145,6462929.59375,30,247,41.344425
KA,2,1,YGKAHAHYLTYAFYPGOOBYFYKK,6,484.584041652089,19317811.2749,20,274,51.214686
QD,19,1,AGKAHAKQQPSOTGDEFPOQDKLS,5,514.469293248877,317296077.3828,30,71,12.780012
FD,25,0,KFEALSLHHAOAGEFKTFDEHKDTTFDYEK,2,1778.366926103032,4708863.359375,50,66,14.5797132
AK,20,0,GFKAAPYLGPSBFKAGEYBHAKKO,4,639.099072588958,1512148.669922,20,193,39.5565132
QG,12,1,KQBGHYHTGQKQQGQYADDLNTLGFGKBPY,6,559.444079217516,108477287.582,30,185,30.5777172
AB,3,0,GSKABYNGKDKLAFOBPYBOEYGE,3,875.11370885888,1908793.71875,50,178,35.7939582
EY,14,1,ASKALDPANBSYTOEYPDGTNGHT,5,502.638293534831,6425782.578125,20,212,42.359847
HQ,7,1,QFKAYPNHQYTSHNSFQFFPPFPB,5,583.878582181869,57931321.37207,30,204,36.943545
YP,15,1,GQOAYNKLNKNESTYYPFALAOPTHETDNKL,5,711.966446207316,259074021.7852,40,35,7.503462
FL,22,0,PPKAADTNNKEGLEABNABNKTFL,5,503.863285733057,591280172.4609,50,74,12.9824298
DH,10,0,NEKAEYBAKHDHPETHYPBLSTAG,3,889.756040605348,6642305.303711,50,163,28.429179
LD,8,1,PKTYYDFLLDODKLESPFHEGGHGLKPSN,6,553.945172103349,640539308.1875,20,89,18.2478288
BL,21,1,NGKAFQNKAYOGGHABSQDQTBLH,3,853.424733666243,23293243.10547,40,87,15.385269
KG,4,1,NALSKGODQBPNPGKPQTDGPLALAOPYA,3,978.85109042463,29600262.42969,20,133,24.866349
PQ,19,1,OAKANHFSAAHHGFYHHSYPQBQN,3,917.097929126253,34795666.14844,40,66,11.9088858
OA,25,1,KYYDFPNLTYOFALAYBAQHHEDYGOANKA,3,1175.574454947996,16489675.625,20,310,56.306367
GT,10,0,STKABDFYPQGTATSDAAEFGYED,3,853.038826817096,853929216.3672,40,189,37.47999
OO,5,1,SLFNSOOSGEEGHQFGBSQFEOKKOBBET,3,1063.199574975895,2212513.78125,20,320,58.9912836
QD,5,0,LLKQKQDDFBLPQFPFNFSAHNOLDGALL,2,1658.876625074744,3630626.28125,20,345,57.8235408
KS,2,1,SKKSPSOAOSYQHSTANLKKGKHB,4,650.360912839621,8182517.624023,30,129,23.5655508
KN,26,1,ADPYHEYTNLBKNDHLTQPQLDADBDKND,4,836.387223579215,9200361.0625,50,328,56.048118
NP,19,0,LODHLHPHYHQFAOKFFPLNPABFEPEBF,5,696.556694980644,5762399.121094,50,203,38.0687328
NE,10,0,SBKTGOKANENEBYALNPNQKYTP,6,443.061216926672,1784218.373047,50,196,34.9593846
NH,21,0,KTBFFLDAKKBGAGNTTYGAQNHBSFGAKP,6,519.936677256115,45335275.63672,50,190,31.5316038
OP,8,1,LLKQTAHGOPDKDELFLLEAGPFO,4,667.617333219959,27417724.1875,20,289,49.9763532
LO,9,1,KASBDBGAELOBSHEBDBSEAGKSSQHNA,4,725.598305589893,1788401.433594,20,80,21.1034598
PK,8,0,SHKALSTHPKYKFDSOABPBLBDE,5,529.480016005624,1632848.131714,40,4,0.98768514
GQ,22,1,KDHYFYFDOYKLADPQPYADPLGQBDPDB,5,681.722984350259,188418679.5938,30,91,16.363932
LA,22,1,KBHDPTPEEQKYOOAPBQEYNLLAKYQHLQ,6,595.645856665797,26727728.7168,20,300,55.1042322
AK,27,1,OSTHDKGKSKYEFKOKHTLKTGKHOGSAK,6,545.975399669991,31689878.82031,50,119,20.7410292
PH,12,1,KTTEBEGNELQHPHLLONYNQLSEPKPSDG,4,844.669915758289,33645375.80859,30,30,5.41534992
KO,2,0,FKKOYATDQQYFEYAFABDYOAAE,5,577.475591132657,1180789.162354,20,210,48.6037398
EN,0,0,ENYSGQPHNDDFGAPSYLHNTDSIQLQOTSL,3,1154.865343821369,57524055.50195,50,75,16.3919988
GS,4,1,NFNLGSFFOOOKKEAQTGFESGEEPYBKB,5,654.533094877942,51438672.47656,30,238,38.5617678
EH,24,0,LLOHGTTPQTPGYOKBFBPGGYNGEHHSD,4,778.384763120447,10414632.99414,50,213,35.9384472
QD,25,1,HELDBPSOPOADBTSNTFHBEOKYQQDST,3,1083.182605360454,70871440.0,50,43,7.8903948
YN,9,0,KLPKLLLOTYNBFHNLYQTQHDPA,6,476.595562701061,25087672.45312,40,110,18.6588102
ND,25,0,FTBOKAEHKTHNHFLDNAKSKYKONNDQH,3,1156.254706535364,2929325.623047,20,286,52.94391
KK,7,1,KKAKPKNKKKOKAKAQKQKQKKKANBLPY,6,564.028740371321,24766842.47656,40,218,37.141323
ED,10,0,DHDQIDEDEEEDDKKQYDDEFDDDEDEDEDEB,4,988.10986328125,18459225.43164,50,56,13.390197
NB,4,0,OOGNNBPKGTHEEOAFNOFKLATT,4,655.348577106796,8519174.74707,30,181,32.343147
ND,16,1,QESKTQTBGONBHNANNDNKNGQKTONYO,4,805.643885385778,46229445.90625,40,50,13.7388042
FF,16,1,KKDDKYTTLNHQLHLHFFPLGBYPSK,5,623.533608018421,1278355625.687,20,328,54.205959
BY,27,1,NSLTLDKFAQFGLDGQQGNQFGGFGQDBY,3,1046.822631835938,5623272.339844,40,121,30.4111398
SH,6,0,KGHKLKSHKLGAGAKEBYKONQBNADOBD,4,781.677832935641,6959578.066406,50,323,57.1103838
KT,14,0,PLKAGYSPLLNPTHKTQKAPHDGT,4,643.597972458162,22950791.39258,50,175,28.932267
ST,3,0,BBKSTTYTHNHFHBYKSATEHYQFATLBS,2,1672.295415457108,4780080.683594,50,144,23.484054
KS,9,1,DEDDDEBDKKSPDDYHDDQIINLANKLAFSQI,5,739.344176631543,11965437.39844,30,319,59.0957226
GT,23,0,YYDDAQFOFSTALDLTYHBEHKFGTLTFY,4,874.160989198667,2744608.779297,50,237,45.339717
SB,19,1,ONKAKAPFDQPYSBDHYFOSBYKK,6,473.244528949795,21487361.55371,30,154,26.4199422
PG,11,0,PKKAGNDFDOGPGODDYKOFBKGQ,5,523.27110553335,1015729.827271,30,15,4.06541106
EP,9,0,GBKHTFTHSEPFODYPPTATSAAD,4,645.055488958828,67321798.38281,50,70,15.9414096
FG,13,1,KTBFSHDKGKSKYFGKNKHYOKBGKATAT,6,541.465260920683,83935622.59375,30,30,9.1447128
KK,14,0,BKPKHKKKKKKKKKKKKKKKKKKKKKKKA,2,1806.793152778104,24240443.0,40,60,10.1359488
YD,20,1,AGQBQPBNBYBTBPBLBBPSYDSNBQPQH,4,754.867885366991,9953187.375,30,266,44.380761
DQ,20,1,SFKANSKKHDOPSYFTTLPFDQLF,4,708.861927121338,12176455.69531,30,157,30.4637046
OF,12,1,SNKAHHNGKPNSOFGHHTOKYOTF,3,917.799193617952,3512896.609375,30,24,9.14664
TD,11,0,BOTOKOPHGPFTDPTAOTPEFYHSGEPYL,2,1616.30691179443,7937799.40625,20,183,32.4403956
SE,1,1,FSENFQFLYYLNKHSPGELOTBTOPPEDE,4,854.914215238069,510875655.5625,20,35,9.9746328
KK,0,0,KKPDKATLSDQBYFNOFNYODAFSDK,5,612.109129004607,1669655446.688,40,76,12.6162474
QO,3,1,LKGQOYYOAKBFGKTPSPDOBOSS,3,868.139712300148,10080411.47266,20,24,8.4453018
TF,9,1,AQKABODKYTFTKLTBPSQBPLLN,6,440.24787039119,8059648.562012,30,210,34.588458
EB,26,1,SFGHYALKQHSLGLQEYLDLSNLQTNEBB,4,820.159277005959,586645214.6562,40,39,7.0271418
KA,2,1,YDKAAYGYPGGGQFSLQYFSGLPF,4,659.06035012579,2200701.705078,40,118,25.951923
SO,6,0,AAKNNLSOQQNTHFOOSYALHBPE,4,675.350821977524,9620319.216797,50,134,26.4971868
KL,20,0,NTTPHTNTPOHTONGKFYFEKLYLFFYFA,5,706.155716049093,106672050.8164,50,134,22.765866
GF,22,0,NSLTLDKFAQFGLDGQQGNQFGGFGQDBY,3,1046.823120117188,2879290.330078,40,193,47.653617
SY,16,1,ABKAQESNEONFDQLSSYQTTFOA,5,539.461791608138,385466891.9688,20,26,9.1064388
PE,5,1,KTHYBPEBKDAHQTDYELADPGQOBFKBEY,3,1156.891535603599,17356016.97656,30,146,28.2676236
KQ,9,0,GOKATKTHSKQHSNHAFQDQQHHT,3,923.122269331847,2025546.801758,40,126,29.0497374
DE,17,0,DFESEKDKKSNDDDIDEDEBDHKDDTNBDDDY,4,945.379089355469,3313710.899414,50,132,25.6895928
QA,5,1,QOKADQADGGYPEYEOBBHLKASS,5,519.657217769762,6190160.472656,20,267,50.3552658
DG,25,1,LDKFALTPFPKKAPSYPKPBFPPOYDGGG,4,784.671648988668,2438726.414062,40,25,4.5372171
OO,12,0,HAHLQGBOEDSHOOPQKTDEYGEYPYHQH,4,858.652412993559,9863093.375,40,263,45.3382458
GN,27,1,SOBQYOBQFPDHGBTNDNOFTPQPEPPGN,4,797.627807617188,4492795.761719,20,309,56.7875208
SK,0,0,SKKSPSOAOSYQHSTANLKKGKHB,4,650.36108979806,33774907.25391,40,36,7.7925738
QP,15,1,PSKGSGHYYYDTFDGQPEDHFNQS,2,1388.584600051858,2110923.625,20,112,27.2687346
HL,2,1,HAHLQGBOEDSHOOPQKTDEYGEYPYHQH,6,572.770355641348,35841997.4043,40,291,50.4568038
PF,8,1,HNBYHTSOPFQHLEQNETFDPDBGSTDSO,6,551.417498436089,63344159.92969,30,176,30.0400158
BO,18,1,HYKABTLNKTKNAFTBPYBOQFGH,5,548.491211487077,12773080.11133,20,109,22.5952518
BD,17,0,FKKOYATDQQYFEYAFABDYOAAE,4,721.593103560159,1401650.982788,50,253,56.656995
QS,23,1,SNKYAGAPOSDPYDHKBQYTGASQSLSOA,6,510.415862169916,10006349.4043,30,239,39.8945058
BL,19,1,SHKALSTHPKYKFDSOABPBLBDE,4,661.596108434181,13624422.26563,50,107,18.9499302
KH,7,0,KSKABTPKHTEFALKFDASALOTO,2,1303.226722000779,2136586.4375,20,78,17.8156056
OA,4,1,QDKSOABPEPTNKKHFSLOSHSSS,3,876.115196738635,1122462.975098,30,10,2.01745506
LB,0,1,LBKGFYEATSPQQNABYHDFFEEN,3,936.42745199372,10842040.46777,20,177,35.655486
FD,30,0,DGNKNHNKTESOQITTBBKKKQBDPDIDDOFD,3,1206.604858398438,14420783.48437,40,73,13.7151222
DQ,0,0,DQSGTTFYDDTOELHSKOFSQYTHSOITYSOE,4,936.689082640988,5204021.789062,40,221,42.658653
AY,0,0,AYKAFAAQNLOBANHYOBAOPQBD,5,519.471238705643,11692199.39893,50,174,30.1135332
AE,10,1,KEKAQOPEQFAEYEQGPTYEBOSQ,3,934.452409941831,7573351.904785,30,21,6.842493
QY,17,0,HHSFEGAKBQKOPFFGHQYLFSEKOTAPS,4,830.677473250341,26901583.47656,40,65,13.593261
HA,10,0,KPGAYPAQDKHAQPQSBGBOPSTK,3,827.094967678598,6964477.206543,40,260,48.02613
GH,6,0,FTTNOFGHQFEGPPKSQOPHHYLTKBOGT,5,657.738310929931,3436106.134766,40,3,0.80869788
TN,6,0,PPKAADTNNKEGLEABNABNKTFL,3,839.101308354301,6618222.937012,50,301,49.3450482
OG,2,1,KYOGDAGKENNYEOAFHNPSAYLTSKBLFQ,6,568.619581042095,17312495.05762,30,334,60.32274
EP,7,1,SYBNLOQEPEBLHSFPKSYLHYHYBGQTP,6,568.780833958057,39231800.47852,30,2,0.71350902
KT,1,1,PKTYYDFLLDODKLESPFHEGGHGLKPSN,3,1106.88480834709,47806020.0,50,142,23.2207758
TK,1,1,NTKAOAYTYQBEABEPEHQTEGNN,3,894.410198298864,54288958.25,20,31,9.9816678
GD,7,0,KDLESABGDDTYEGDNBSOKHBTFYOESSB,3,1089.832074726886,9829087.5,20,317,58.3987812
EP,16,1,YPDSOKNBSFSKAKNOEPATGQBKGGGHL,4,755.392823840379,53471045.21875,30,103,17.2029318
HK,13,0,YOGQEPEGHYAOHHKYNGLTOOGB,4,675.836115380416,7991327.46875,50,200,35.0461188
EN,12,0,AKKADPLQOTLHENFPLOALOHQO,6,455.42985919968,76049811.08203,50,114,19.39002
HP,15,0,AOKGTEPFQNTOYNQHPKTTLTLE,5,550.086613476443,1498380.248291,20,178,41.4500532
LF,19,1,HHSFEGAKBQKOPFFGHQYLFSEKOTAPS,3,1107.229945364286,4562895.6875,30,118,22.0716972
PD,9,0,LLKQTAHGOPDKDELFLLEAGPFO,6,445.414174066379,138233365.4453,40,88,14.8199634
BO,10,0,KLDLPSYEYQBOKABNAOASFHHDHQEYDA,4,870.170969667082,30144589.82813,50,219,37.9224984
NY,8,0,OKGQBNDTNYKLSAKQOAGKFLBL,3,875.48984831203,6120025.625,50,232,39.0534828
LN,7,0,PKEEKHELNFGFQBHSANPGHBYKSGTOB,4,803.648515357595,9797301.15625,20,289,52.031469
QO,3,0,LKGQOYYOAKBFGKTPSPDOBOSS,3,868.137298424199,2071017.171875,40,217,37.6249122
KN,3,1,DGNKNHNKTESOQITTBBKKKQBDPDIDDOFD,5,724.365343467391,6568679.043945,40,226,42.9129222
KY,4,0,GAOFKYSYSHHHFGHOQLGTYGALLLPSDFG,6,573.457658951324,12205087.72949,30,278,48.6607158
KA,17,0,FNNHDQYBTPSTDYTFLKAPQLLPSHDSY,6,565.101836430391,7970588.339844,30,348,56.4139488
NY,17,0,KKPDKATLSDQBYFNOFNYODAFSDK,4,764.884116422034,1032747955.812,50,73,11.9726838
TY,8,1,KYYDFPNLTYOFALAYBAQHHEDYGOANKA,4,881.931757900607,97102532.77734,30,135,23.2723008
LL,4,1,KLPKLLLOTYNBFHNLYQTQHDPA,5,571.714287716715,32293590.34619,40,31,6.3824754
TN,18,0,KGGQOYFOAOSHNHQTBPTNTFAG,5,519.062958511125,4262904.398437,50,187,37.8523602
LK,19,1,QOKADQADGGYPEYEOBBHLKASS,4,649.3192042974,46919368.35156,50,46,9.069135
EH,19,0,KFEALSLHHAOAGEFKTFDEHKDTTFDYEK,3,1185.914018624918,2171434.171875,50,266,50.7679758
AY,18,0,KYTYDOFKHNLEDQKNBSAYBKOPOYOBTK,5,719.981239621918,27307610.09766,30,71,15.2333574
GB,21,1,SLKADFAGAQDSPYLQQLEPQGBA,2,1260.622986742184,4353886.0,30,186,38.270184
HS,19,1,ADGQPAKQAFANYYDPNEFHSNFDDKLDA,5,658.496208897742,34232303.09375,30,51,9.9604578
LA,15,1,GPKHEPPOLQFDNKELAQSGYBKT,4,671.849977041814,2518319.408203,20,278,51.952224
AB,3,1,AQKABODKYTFTKLTBPSQBPLLN,5,528.096752222464,18639008.48389,40,292,49.574316
SN,21,1,AOKHPFYETNQQTBESHDNHOSNL,4,703.585512409881,4110024.256836,40,214,39.71265
YN,1,1,KYNYEQYTQLBPBNBNYSEHFYSPDLHGKK,4,906.185193914693,36644572.26172,20,216,39.03126
FA,1,1,LFATFGASFNBOFDOKOTBSGEYG,6,429.718705916564,39933761.38281,30,51,9.21162
DY,13,0,DEDDDEBDKKSPDDYHDDQIINLANKLAFSQI,4,923.928955078125,1577928.05127,50,20,4.39491198
KQ,19,1,KFTLBKFLEAPKBFLPGLGKQYEYNFEPYQ,5,714.380962521516,17166927.75781,20,24,8.9072892
KB,6,1,LTENAEKBLBTKPOFELHTAYEHEAYPGF,3,1107.889763828016,70568244.34375,20,59,13.68516
GG,4,0,TKKAGGDALTBHQLLDFNPFGHFY,4,666.585764475582,25979857.36621,20,279,53.678604
LE,6,1,KQKAAYLEFQYNSYPBYSDEKBAP,6,469.566320829009,6275813.742188,30,235,38.633646
DG,12,0,OQODLPBTYGTSDGSNPLGAFSTDGTBGO,6,479.567504882813,7615247.449219,40,164,26.946924
TF,20,0,KGGQOYFOAOSHNHQTBPTNTFAG,2,1296.146071266984,3268470.4375,20,49,13.136679
AP,5,1,ONKAKAPFDQPYSBDHYFOSBYKK,5,567.691778732095,6676455.214355,20,243,45.5379174
QO,15,0,PFKSNDBPLNQDSBPQOOENNYKF,6,464.565769549254,5407648.212891,50,233,44.1670638
FN,25,0,KLDKYDEYLNGELFDNTKEYKDFTQFNYAL,5,745.760489322817,7234283.019531,40,88,22.4709342
YP,18,1,YEKAFNHNSDKHGNDNKPYPHDSY,5,576.255053694807,14434500.89453,20,191,37.9989252
KT,18,0,GNNQSDTTPDYHSNSFELKTLNTKNAQFQKK,4,889.686015662854,170210553.5625,50,40,8.9718558
ON,12,1,AYOSKSDPLKTPONEENETNBFSNGHPGN,2,1581.249293027461,3032617.46875,20,117,22.4694168
EF,15,1,DTLALNFQHHYEGTHEFGQKGHOEHFEQEQSQ,4,956.43444620709,11024488.20117,30,98,19.8627462
LA,9,0,AEKANBGOKLAOFOFONBSSTLDT,3,848.129612080264,3073556.974609,20,192,37.026279
TN,18,0,AYOSKSDPLKTPONEENETNBFSNGHPGN,4,791.127382448059,2065286.766113,40,16,3.419028
DD,10,0,KQNQFNFEALDDQFOLXKFBNGESYEFHN,5,712.337431523674,69629079.8125,40,38,8.6144292
EN,9,0,ANKAOBKLNENEGGODPDEGGHKS,5,497.04461462037,667480.1517334,20,154,36.6592638
GE,16,0,QGPGYGQLEOALSSKOGEEOGLEH,6,422.218096720459,3276086.436646,40,18,3.60318588
GT,22,0,PLKAGYSPLLNPTHKTQKAPHDGT,4,643.598228363648,6158246.365723,50,335,56.3142708
LE,22,0,AOKGTEPFQNTOYNQHPKTTLTLE,5,550.085994123394,153958033.8398,20,40,10.709724
NH,16,0,EOHDFGTPLFTHKIAYNHPANSTYTLEINNO,4,893.941586668532,4272755.625,30,306,54.7982118
DG,13,0,KYNHTGQKLFBQFDGXBGOOPXYHDHLG,4,814.655951617901,2359560.454102,30,299,54.1453506
NK,27,1,NYAEQGYYYFHYPPEDHGQOLFGYOPONK,6,590.778976619898,76077299.64648,30,234,41.2237872
YT,8,1,AQKABODKYTFTKLTBPSQBPLLN,5,528.096480025434,56740374.90723,20,139,26.7665538
FD,12,1,KYNHTGQKLFBQFDGXBGOOPXYHDHLG,6,543.439035926027,15521752.98242,30,166,30.8857848
LT,8,1,YGKAHAHYLTYAFYPGOOBYFYKK,6,484.584410209953,36469965.27344,40,191,33.129321
TS,4,1,PGKATSGGLKOEOLFHBFPGBHPP,5,495.674841659542,3200841.456299,30,295,55.1693058
KY,5,1,KQQTKKYDFDYETNBPSADLSFTBFNOPBB,4,861.423182537745,17109502.64258,30,225,38.6066898
NT,7,0,OLKAKDQNTGEPLKQDFPBTKFQS,3,907.481640967197,5139213.826172,30,301,49.7058492
SG,23,0,BOTOKOPHGPFTDPTAOTPEFYHSGEPYL,4,808.656980978578,9241269.427734,50,29,5.3046138
TL,9,0,AKKADPLQOTLHENFPLOALOHQO,4,682.641454252232,5667218.892578,50,262,45.147018
NO,0,0,NOKAGTFPOFDDLTHBPONTBBHT,3,871.780334304149,2550207.664063,40,325,56.4358008
DG,12,0,OQODLPBTYGTSDGSNPLGAFSTDGTBGO,3,958.128173828125,3748663.652344,40,279,46.6541736
HN,16,1,KYOGDAGKENNYEOAFHNPSAYLTSKBLFQ,3,1136.234274620659,21052621.0,20,15,7.1081052
BK,7,0,GDKAHNNBKYNKHASTHTOSPQPS,6,437.384569592302,1040662.92334,40,234,53.9174688
SL,29,0,HEFAKAAKDOBDBDDDDAGOLPPPHYKKKSL,5,682.553011408246,2102148.777344,20,228,48.755319
PB,13,0,STDAAPYSSEEPGPBASKKETLQKAESTG,3,984.806223922834,37090743.25,20,114,22.6433022
TK,22,1,ADBDHDEFYLEHFKTYSHAANNTKFLSLP,3,1132.86978727083,22829248.375,30,353,56.0245488
AO,29,0,GHQEHTLTFLQESDELGIBTQGYLFDAIGAO,4,848.420034981956,315094780.1406,20,63,15.6393888
NB,10,0,KLPKLLLOTYNBFHNLYQTQHDPA,5,571.713623616191,601287181.4844,50,78,13.8667068
KF,6,0,NSLTLDKFAQFGLDGQQGNQFGGFGQDBY,4,785.36962890625,24901219.75,30,56,15.660318
BN,14,0,KLDLPSYEYQBOKABNAOASFHHDHQEYDA,5,696.337650121754,65919623.79687,50,154,26.9274912
FL,23,1,KQGLHGYSTQHNHGSNEPDFLGLFLQYDKS,3,1139.881035442449,148311501.0312,30,69,13.60122
DE,3,1,KTDDEBEKFYBHEKTQKABQTNHAKHHKYD,3,1205.587552203715,258837569.4141,40,79,15.1735296
YL,8,1,KKSNKAQKYLKPBLLEQQFGQEAKNK,5,607.346852099906,1552196591.25,30,197,30.9186222
TT,15,1,KTBFFLDAKKBGAGNTTYGAQNHBSFGAKP,6,519.937782719735,200094665.5781,20,44,11.7846732
HO,0,0,HOKADHDQOSYLNKNQHOODNNEB,3,950.465049589064,1668314.283203,50,140,30.266412
AL,1,1,NALSKGODQBPNPGKPQTDGPLALAOPYA,6,489.929754136677,6239805.332031,30,305,48.4911492
DP,7,0,NDOLHYEDPYFLBDPQPFBDPLAQFSGKD,3,1118.861431280327,21515755.75,50,197,32.0718342
LN,4,0,DTLALNFQHHYEGTHEFGQKGHOEHFEQEQSQ,4,956.43532948626,6084505.777344,40,108,22.6878438
TL,19,0,GNNQSDTTPDYHSNSFELKTLNTKNAQFQKK,5,711.949880614196,40747768.12891,50,152,28.4872518
DO,0,0,DOGDGDEDHDHDYDHDDDHBDBDBDDDDEDGE,6,603.53955078125,5083256.524902,30,270,59.9629818
LK,18,0,SDKAPYOGNTYFQESOABLKFALT,6,445.066810665053,4196018.302734,50,253,42.390318
FY,13,0,OAKANHFSAAHHGFYHHSYPQBQN,5,550.662063330895,8207829.15625,30,289,49.876026
OK,3,0,FTBOKAEHKTHNHFLDNAKSKYKONNDQH,6,578.629909879769,14714840.66406,50,288,51.075579
SB,6,1,PHFBNBSBGTHYOKKFOYHLPYEFTTGFL,4,855.187550598946,25559361.38281,40,334,53.705199
KL,25,1,DEDDDEBDKKSPDDYHDDQIINLANKLAFSQI,5,739.343459653222,107746249.8262,20,61,15.07215
FF,15,0,LODHLHPHYHQFAOKFFPLNPABFEPEBF,4,870.444896208447,5114537.125,40,132,24.4889208
OS,6,0,SLFNSOOSGEEGHQFGBSQFEOKKOBBET,6,532.103363051219,5451331.79248,50,2,0.76743696
AY,12,0,AFKATOEFTOGBAYAOLQGAHKDH,3,864.454108415888,6338643.689453,20,125,25.3693368
GQ,19,1,KKSNKAQKYLKPBLLEQQFGQEAKNK,6,506.290555371306,1624377415.75,20,340,56.0541768
YE,6,1,KLDLPSYEYQBOKABNAOASFHHDHQEYDA,6,580.449248678537,111012439.9492,20,225,43.302234
ON,0,1,ONGPFLGBGANNTFPSAAENTNDABBBHF,6,487.734034895308,8021640.958496,30,3,0.82392402
BO,20,0,LKGQOYYOAKBFGKTPSPDOBOSS,6,434.572852183667,2767937.294922,50,7,1.78017684
FT,13,0,HYKABTLNKTKNAFTBPYBOQFGH,3,913.480483116749,12569419.625,40,101,17.9350518
FY,25,0,NTTPHTNTPOHTONGKFYFEKLYLFFYFA,6,588.631654342625,49213424.92773,20,231,41.3409918
QF,7,0,SOBQYOBQFPDHGBTNDNOFTPQPEPPGN,5,638.305236816406,8568240.782227,50,8,2.20922898
TE,4,1,NFKPTEGGLQSPNKQGHBGSTLFL,2,1272.153792864645,9138112.0,30,163,29.1262362
SD,21,1,YFKAGDLTDOTOHBBOKKKHFSDD,6,462.074589631677,19809317.95313,20,156,33.9888336
LP,9,1,KHKGEYQOTLPKQHPBTGQHLDTO,3,919.821019142388,11137604.0625,20,10,6.1131588
TD,11,0,AOSNTPBEKOQTDBYPQESNOODLYTASO,6,534.436026031494,33222702.25977,40,325,55.4217438
BA,16,1,LKYBFAOLOFYKLNHTBABHBGFTBHHFL,6,561.474094675232,279873549.1562,30,104,17.1413988
TY,10,0,KDLESABGDDTYEGDNBSOKHBTFYOESSB,3,1089.832429881916,26549892.58008,40,197,33.910086
FN,6,0,LHDFNFFNFOGDSKHEASPEKLEGLNKHD,5,678.128208650971,192606206.7031,50,115,19.266345
AA,19,1,LTKASGSAEBOLSOQHFDPAAQAY,3,836.093998827969,14449334.86523,30,181,30.359049
KB,21,1,KTBFSHDKGKSKYFGKNKHYOKBGKATAT,3,1081.922664838972,3706750.929687,30,115,23.449338
KN,5,0,KKAKPKNKKKOKAKAQKQKQKKKANBLPY,6,564.028775068439,30403482.625,50,172,30.2548764
HF,11,0,SFKAPGBQSTSHFAOGBKHEFBOY,3,871.44280042268,1430957.866699,40,26,5.99008488
FL,18,1,GLKAOPBGFGAPYTQAOQFLFQAT,4,632.592154802593,166043145.4004,30,79,15.8496108
ED,23,1,PBTBOLEKEDSOBSLGQFOKYNHEDEGTK,4,813.910868198726,1423893.404297,30,15,3.2189679
FG,5,1,FTTNOFGHQFEGPPKSQOPHHYLTKBOGT,4,821.921582088393,4613072.115234,20,312,56.4174522
GA,16,0,EHQENAHFYLPGHYKHGASLSDTOHFPNOYI,4,910.186555103071,6754028.932617,40,111,22.3179102
OD,21,0,KBSSBPBTXKYDHLPYGQEGTODHOBEYO,3,1096.205729458612,8675644.431641,40,283,49.903587
HT,6,1,KQBGHYHTGQKQQGQYADDLNTLGFGKBPY,6,559.444034723846,141106087.5195,20,106,21.4817538
EG,19,1,PKTYYDFLLDODKLESPFHEGGHGLKPSN,5,664.532774364791,732624844.8125,40,99,16.4020602
FK,1,1,KFKFBLSATBSPQSAONLHFBGDENYBNGB,3,1072.872133686434,2366733.348633,50,24,4.61409612
FG,17,0,FGKFTPEYGQALSPSASFGLBLTY,3,856.428702290371,1169753.697998,50,142,40.6832802
AY,20,1,KYOGDAGKENNYEOAFHNPSAYLTSKBLFQ,5,682.142034742832,34405590.98437,20,93,20.2734246
NQ,7,1,KTSFPAYNQELEFOAEAHDPFOODEGOATE,5,680.728682764406,9161733.933594,30,55,14.77356
EF,25,1,KQNQFNFEALDDQFOLXKFBNGESYEFHN,6,593.782462688058,8116370.628906,50,187,34.300686
EB,21,1,NYKASDLDKGDOAFQEYHHQAEBK,6,466.559450028984,10279374.93604,40,331,59.495376
TT,6,0,GNNQSDTTPDYHSNSFELKTLNTKNAQFQKK,4,889.685189000606,11094219.91602,40,139,26.345517
NO,3,1,FTTNOFGHQFEGPPKSQOPHHYLTKBOGT,2,1642.838256835938,32070020.84375,30,62,10.6740708
YQ,8,0,NTKAOAYTYQBEABEPEHQTEGNN,6,447.709123969051,5763118.089844,40,90,16.9386696
OP,19,1,KODKKAOHKSGFAHTOAPNOPSOYELNFY,3,1107.594494569477,2953768.625,30,300,54.5512668
KY,0,0,KYNHTGQKLFBQFDGXBGOOPXYHDHLG,5,651.925871375174,11993998.13281,30,128,24.0164562
BN,23,1,KNGTKTAHASTLNAAQFPOYOYEBNGLTGA,5,628.72568679902,239983063.0391,50,176,28.641009
HO,27,0,KQTTLKABBKYLDKSHKOHSHSGSHPEHO,4,821.190413018038,1171531.359375,40,5,2.63004702
AK,14,1,KPGOANGGAAFKNKAKKESDAQGDYKYKB,3,1024.539024307282,121938387.4375,20,25,8.4744852
QK,9,1,KBHDPTPEEQKYOOAPBQEYNLLAKYQHLQ,3,1190.283536433868,209715166.5625,20,62,14.5513386
QG,7,1,KQLNQYQQGQTSTAHKNYEOYHQBAEYNDS,6,596.446265493348,16356295.16699,40,314,56.545476
TQ,4,0,KOKETQQKQLABTLQAFLLABEEO,4,680.138175072225,216433235.7656,50,45,8.3857434
TT,23,0,KFEALSLHHAOAGEFKTFDEHKDTTFDYEK,5,711.950640903737,4653795.491211,50,197,38.2983282
QN,7,0,OGGQYAEQNOQDPDDHBKEPYOQDDFOOF,3,1133.526027560614,1189675.449219,40,252,44.6628108
AL,15,1,KTTPDQAFYSGYBFKALOPGPBTTQDPDDA,5,644.314860976997,61639855.95313,40,90,17.706657
TB,25,1,OQODLPBTYGTSDGSNPLGAFSTDGTBGO,5,575.279355838918,82071192.92187,30,37,6.884967
QH,21,1,KDKQAKDLOKDSQNOOHAQBLQHQKBDLOY,5,702.38327676043,34567783.38281,30,53,13.5482148
QF,10,0,QPKNADQHNBQFLGGGHGEPTDTK,3,854.74037857195,3473253.231445,40,228,39.6638298
KA,2,1,HLKAPOTNQGHGAATLYTTFHBFS,4,650.584669461009,3404516.302246,30,309,51.5677782
KK,0,0,KKKPKKBEGQTLSFNYBODNAHHD,4,693.613732927584,1475507.451172,50,212,42.492117
HF,15,0,KKDDKYTTLNHQLHLHFFPLGBYPSK,2,1557.323487245775,249164354.25,50,200,31.657035
QI,3,1,DHDQIDEDEEEDDKKQYDDEFDDDEDEDEDEB,4,988.10986328125,6332688.5,40,56,15.979848
PN,3,0,ALAPNGPDLTDHSEYEOEYKLONA,5,535.864764569457,397834586.1953,50,56,12.901074
EF,15,0,AGKAHAKQQPSOTGDEFPOQDKLS,3,856.778414702511,6048160.446289,50,186,31.4624568
PT,21,1,YAQKTYNYKNSPDYTSSFGAAPTFBAADG,3,1041.140593842871,16336326.79102,20,12,6.317271
HN,7,0,QPKNADQHNBQFLGGGHGEPTDTK,6,427.873730256941,6665469.163574,50,184,31.4010858
KD,9,0,EAIGIEENNKDLEPEINALHNHAYPFGNHLO,5,703.349073523464,44578362.21973,50,244,43.4214852
BS,1,0,KBSSBPBTXKYDHLPYGQEGTODHOBEYO,4,822.405829900053,2427378.174805,50,11,2.54166192
DG,13,1,KYNHTGQKLFBQFDGXBGOOPXYHDHLG,4,814.654953276547,15424549.3125,20,40,11.052585
AO,22,1,EQSFQHGKAQKQKKDDYNINALAOILNASAE,3,1158.597464470485,11110102.30469,30,220,39.158172
FP,18,1,QFKAYPNHQYTSHNSFQFFPPFPB,3,972.458384362294,12955875.0498,30,231,41.500266
KY,25,1,KPGOANGGAAFKNKAKKESDAQGDYKYKB,4,768.656499814229,22543255.61719,20,121,23.8450494
NQ,20,0,KGHKLKSHKLGAGAKEBYKONQBNADOBD,5,625.543894592171,9221895.544922,30,318,55.6768062
YP,15,0,LDKFALTPFPKKAPSYPKPBFPPOYDGGG,6,523.45051602631,49288196.08984,50,255,42.0053562
DG,29,0,DOGDGDEDHDHDYDHDDDHBDBDBDDDDEDGE,3,1206.072875976562,6420744.6875,30,53,11.4367068
HB,18,0,HELDBPSOPOADBTSNTFHBEOKYQQDST,6,542.094002438242,47839213.42578,50,192,33.1884462
KE,2,0,KOKETQQKQLABTLQAFLLABEEO,4,680.138542527537,7215284.022461,20,251,46.9159302
AA,3,1,YDKAAYGYPGGGQFSLQYFSGLPF,4,659.060159745985,5197608.753906,30,61,14.0210922
OP,10,0,SFKANSKKHDOPSYFTTLPFDQLF,3,944.813745405275,2321882.093018,50,293,59.4812898
BN,5,0,LAKGQBNQDEYOGSGODYNHTLFN,6,448.383339203579,148552984.0781,50,81,14.060907
NL,22,0,AOKHPFYETNQQTBESHDNHOSNL,6,469.393247995792,7137847.136719,30,274,50.313108
EL,23,0,OAPNKLDHDGATPTFPETPDTSOELQLYF,5,647.319989740294,482580402.4375,40,93,15.4685622
HY,15,1,NEKAEYBAKHDHPETHYPBLSTAG,4,667.569072316814,6950690.801758,30,261,44.0586366
BY,13,0,BBKSTTYTHNHFHBYKSATEHYQFATLBS,5,669.521293779767,19763023.65039,40,333,55.3814982
DB,20,0,DOGDGDEDHDHDYDHDDDHBDBDBDDDDEDGE,5,724.045837402344,3957814.456543,40,243,51.7946412
FY,10,1,BNSBYAFGBEFYFGAYHLHDYFSKNKGQG,4,827.131283541435,15299699.4375,30,201,33.4067298
YY,0,0,YYKASTBYKOHYTLSNKSABPEOD,5,554.079986774238,6489894.782715,40,273,49.2407082
NE,15,0,KQGLHGYSTQHNHGSNEPDFLGLFLQYDKS,2,1709.319783811655,17812817.0,50,44,8.928786
OD,15,1,LAKGQBNQDEYOGSGODYNHTLFN,5,537.85884085506,556951918.3594,20,17,7.9546752
QY,20,0,EELNESOGKQGHOYAGLKHAQYNDTYKPGYO,4,885.686091721695,3527979.991211,40,273,51.861729
HO,22,1,KKSLPQFPKAEFKBLHDGBGQBHOLK,3,969.216733969322,248179647.0,20,251,40.1003388
DH,2,1,KBDHODNHPLAANQTBBKFQBNOFSHHNFH,6,576.954281569871,7998459.537109,40,98,22.103967
SK,8,0,HTKGNQDDSKDBODPFQFHHQTTK,6,469.392667086368,8662237.439941,40,229,41.793423
NN,19,0,PFKSNDBPLNQDSBPQOOENNYKF,4,696.344574998161,47894711.375,40,52,12.128421
KT,20,0,PPKAADTNNKEGLEABNABNKTFL,6,420.054104995694,8801814.514893,50,274,44.7141858
YN,1,1,KYNYEQYTQLBPBNBNYSEHFYSPDLHGKK,5,725.148946510663,154482171.8281,20,93,19.5625308
BT,10,1,AGQBQPBNBYBTBPBLBBPSYDSNBQPQH,4,754.867484813054,12955061.09375,20,188,34.7262
SL,18,1,ADKSQOQFDTBLGPFGNOSLGHKQ,5,518.666935395023,10340158.25977,40,83,17.889426
KF,2,0,KFKFBLSATBSPQSAONLHFBGDENYBNGB,3,1072.871022030633,38057167.55469,50,186,32.033406
OQ,7,0,AAKNNLSOQQNTHFOOSYALHBPE,5,540.482437049314,8579485.448242,50,168,32.6393478
YO,5,1,SDKAPYOGNTYFQESOABLKFALT,3,889.125324391077,9974525.211914,30,181,29.7968088
HS,19,1,ADGQPAKQAFANYYDPNEFHSNFDDKLDA,4,822.86563282979,1023972873.031,20,51,13.2434172
DP,8,0,GHKOKFLHDPLASLEFOLOATNEF,4,689.878183964815,1337668.59082,40,20,4.41471408
SE,3,1,YBQSESHLYSPQDQSNBGAPGYEASLEPB,3,1038.132644436045,7215325.041992,30,4,0.9033291
HH,6,0,OFKAETHHOBNOQQGSSKGGNLSE,6,431.554874285017,5216343.211426,40,243,42.7031808
FF,9,0,HQKGDNSDFFFAELKBGSLYFFYS,2,1417.167072535397,89615220.0,50,41,9.5622588
QN,8,0,AOKGTEPFQNTOYNQHPKTTLTLE,6,458.572765507521,37543140.07422,30,31,9.1009848
LT,15,0,QTKKKKAKELBYQTNLTKOAHSSQGFPYO,4,835.462381639084,4944603.601563,30,185,35.220927
DG,23,1,PTPTTDDDFHLANGHHDATFSSFDGFOEQ,4,805.851589965054,91534816.125,30,61,12.595242
BH,17,0,HAYBGTKNESOKDQAYDBHSQPASQSOTG,3,1036.488523745302,21515641.08594,50,124,20.488533
ET,14,1,QKKAKYSBTYTOFHETDKFHAHFT,4,729.619650787462,4016927.883301,20,313,58.993671
PY,28,1,KQBGHYHTGQKQQGQYADDLNTLGFGKBPY,2,1676.320682967262,5662303.140625,20,146,27.3539952
EK,5,0,LTENAEKBLBTKPOFELHTAYEHEAYPGF,5,665.136191348694,2911472.541992,40,8,2.17511796
DQ,4,1,QOKADQADGGYPEYEOBBHLKASS,5,519.657256346875,6436748.436523,30,293,50.6618454
YP,16,1,NEKAEYBAKHDHPETHYPBLSTAG,4,667.569165279982,5897343.779297,30,271,45.824886
FY,10,0,BNSBYAFGBEFYFGAYHLHDYFSKNKGQG,3,1102.506503834447,2006017.1875,30,10,1.85904096
KO,4,1,BOTOKOPHGPFTDPTAOTPEFYHSGEPYL,6,539.440763790884,105341278.7891,20,174,31.2560196
HG,11,1,SOBQYOBQFPDHGBTNDNOFTPQPEPPGN,5,638.304992675781,41967164.1875,30,192,33.823824
PO,5,1,AKNFDPONNBDFKTLFTTABYDQGSPEAB,6,528.09093689401,188750930.4375,20,31,9.8221218
NS,2,1,BQNSGHYNOAHFTEPOQOFLDAGYTYDHL,5,671.516529445148,33163446.39063,20,304,53.564115
DD,28,0,DFESEKDKKSNDDDIDEDEBDHKDDTNBDDDY,6,630.590209960938,58876292.90625,30,67,13.884492
PF,16,0,PKTYYDFLLDODKLESPFHEGGHGLKPSN,6,553.945143975566,227886152.7187,50,258,42.022827
ED,26,0,FSENFQFLYYLNKHSPGELOTBTOPPEDE,3,1139.551814902554,14313016.66406,20,297,51.5078832
NQ,17,0,SYAEKEBQHALOBHPOSNQKQFOQYYNQK,4,870.943357167451,1595792.613281,20,295,57.9916812
HF,19,0,KYNYEQYTQLBPBNBNYSEHFYSPDLHGKK,2,1811.367544990307,3018741.976563,20,212,38.241891
FD,16,1,KAAFQEHEOBFENEKSFDLNHKAD,6,473.231018808027,22377721.91602,20,183,34.370883
TS,18,0,YFONELBTBGNGAKEQHNTSONKNAFFEH,4,825.148681640625,12069236.05469,40,159,27.501864
DB,3,0,HPYDBOENNHAHGDKBEYPHBKFHQPKOQ,2,1720.330200195312,5063009.5,20,79,17.1499836
HL,3,1,SGKHLNKPLKAEKBSYOAEBNDPO,4,657.356334604779,23614665.34375,30,40,12.7411608
AE,0,0,AEKANYNQGHHYHQALODOSKGGQ,6,447.719721409477,2196780.424683,40,180,39.1572702
EA,13,0,PPKAADTNNKEGLEABNABNKTFL,2,1258.147708372587,43774884.60938,50,84,14.2209432
TK,17,0,SAKANBKHOLTGPEKKGTKSYPTQ,3,857.80116260526,2014854.172607,40,199,37.797738
QT,2,0,KQQTKKYDFDYETNBPSADLSFTBFNOPBB,2,1721.840861172683,4121125.65625,50,132,23.0017578
YN,1,0,KYNHTGQKLFBQFDGXBGOOPXYHDHLG,5,651.925851868239,7666710.714844,20,157,30.725118
DN,9,0,SQKAOHYNADNDPLLDQDANSHTD,4,671.555198168256,4097984.188721,50,226,51.1653108
YN,5,0,GSKABYNGKDKLAFOBPYBOEYGE,3,875.113209332394,2396664.609375,20,127,28.0936842
HQ,17,0,KHGQOPDESPGYEYKTBHQNTEPS,6,455.714356920114,60937965.57813,20,46,13.016967
FD,30,0,DGNKNHNKTESOQITTBBKKKQBDPDIDDOFD,5,724.360618326656,4946361.634766,30,143,44.7909672
GT,0,0,GTOKKFAEOSDPQNQIYNTGSKFAYKGLGPF,4,856.195523298767,5588906.05957,40,287,51.7744788
AD,14,1,GYDOGHEALNYKPLADQLYFFGGAEDALSPG,4,833.152165620878,44303539.7207,30,143,30.3483312
AT,4,0,OSKSATQGGOFQHTGHEPFGOPAS,3,824.07760885812,1591649.379639,40,10,2.0062251
YQ,7,1,KLYYTDHYQFTDPFHFDDHYFYFDOYKQF,6,651.63015968179,14742570.57617,40,253,50.972934
NT,3,0,AOSNTPBEKOQTDBYPQESNOODLYTASO,4,801.149929729439,11062744.89063,20,233,42.478968
PF,20,0,NGOGYHASADGTHDFTDOQDPFKSBDTQS,6,519.565388670671,29038510.57813,30,93,19.310685
YQ,21,1,BBKSTTYTHNHFHBYKSATEHYQFATLBS,5,669.521102391333,566258490.5938,50,69,11.831382
AK,22,1,GNYLQASEPLLQHFGLGHKAHFAKPNFFG,4,807.163422735042,119504098.6875,40,171,27.782295
QK,17,1,POOSOEPLTFOKLQNNAQKOESYGPHYTY,4,846.443176269531,19996000.31641,30,236,39.0361266
DN,9,0,SQKAOHYNADNDPLLDQDANSHTD,3,895.07051894544,6090710.158203,30,158,31.8117432
GS,4,0,NSKBGSGKLAHYLNLEETDADHOK,2,1314.161755296524,3182836.207031,40,140,23.289729
LK,18,1,OSTHDKGKSKYEFKOKHTLKTGKHOGSAK,3,1090.943603515625,2598204.65625,30,327,56.500773
PN,5,0,OGKHYPNTGNEHSNGALDQAELBG,5,502.641209189371,4658899.377563,40,22,5.13128586
KB,27,0,KPGOANGGAAFKNKAKKESDAQGDYKYKB,5,615.125556157946,241801576.8437,20,40,11.0214348
OY,28,0,EHQENAHFYLPGHYKHGASLSDTOHFPNOYI,3,1213.246448263013,19043046.23438,50,63,13.141236
YO,21,1,GKYNFYGEETGSLBGGEPSLDYOKKEOYN,6,544.098050469422,32302410.75,40,203,35.1597132
YL,18,1,SYBNLOQEPEBLHSFPKSYLHYHYBGQTP,6,568.780974843216,184182184.8711,20,130,24.778533
OG,3,1,GYDOGHEALNYKPLADQLYFFGGAEDALSPG,4,833.152550444977,103075930.2344,50,93,20.693007
GA,22,0,GYDOGHEALNYKPLADQLYFFGGAEDALSPG,2,1665.29712003396,6731350.519531,50,78,17.5360938
NA,16,1,EAIGIEENNKDLEPEINALHNHAYPFGNHLO,4,878.933506218477,9002918.645996,20,317,59.5763382
LQ,21,1,STDAAPYSSEEPGPBASKKETLQKAESTG,5,591.285935737758,76886266.57812,30,154,25.849833
PP,16,0,SQTDBBAQBBAQLAPGPPAFHSSNHEDAQ,3,983.459106445313,7771334.867188,40,305,50.0630958
GY,0,0,GYKSQAPQPHBPYYYDBDEKHEKP,6,475.726176837971,81954198.07813,20,44,11.5070622
YS,13,0,GNKAHFHLAKNDFYSQHOHEFBNN,6,476.730097243478,1058631.875122,30,160,42.6826842
ET,7,1,AOKHPFYETNQQTBESHDNHOSNL,4,703.584387975245,70314574.1875,20,41,11.6146392
TF,22,1,KDLESABGDDTYEGDNBSOKHBTFYOESSB,6,545.419496768482,28929351.03906,20,239,44.5227612
DP,6,1,QSKASTDPTFANTYKNSBEBNPDQ,2,1308.102039907542,2963270.3125,20,101,21.8807034
EO,5,1,HQTNAEOLYOHOLEQNBQTEBKKEOQFAP,6,569.4632933424,305749120.0313,20,83,17.8155972
LF,8,1,EOHDFGTPLFTHKIAYNHPANSTYTLEINNO,4,893.941860915096,4261104.71875,30,296,53.0133222
OP,19,1,KPGAYPAQDKHAQPQSBGBOPSTK,5,496.659521383044,2531613.42627,40,183,33.658824
BT,0,0,BTDBNYDDSLGFYATPHPBDQAYGEGKLH,4,793.107499523993,2454699.667969,50,316,56.6725992
OP,4,1,GLKAOPBGFGAPYTQAOQFLFQAT,4,632.592455528507,11634228.16211,20,194,39.6319218
KN,21,0,HHBNHNGSPEQTOAPYNQYYOKNGLLFNF,4,851.912276848372,4422727.453125,40,300,52.2293532
LA,23,1,KLADOLHYEDPYFLBDPQPFBDPLAQFFT,3,1138.566966963061,43390838.5,30,120,20.863143
GK,1,0,PGKATSGGLKOEOLFHBFPGBHPP,6,413.230057685399,199069709.4648,30,70,13.160478
OK,4,1,YPDSOKNBSFSKAKNOEPATGQBKGGGHL,5,604.515697463882,11769497.41016,20,271,49.4102652
DY,22,1,KYYDFPNLTYOFALAYBAQHHEDYGOANKA,5,705.746044370555,180589600.9453,40,107,18.956589
KK,0,0,KKSAKAEFSBBSSBABFPFFPTDLNK,3,931.158249720529,52131272.75,50,210,34.5141132
LB,5,0,YFONELBTBGNGAKEQHNTSONKNAFFEH,5,660.319946289063,11915087.35938,50,317,55.794165
LN,7,0,GQOAYNKLNKNESTYYPFALAOPTHETDNKL,6,593.471379317125,21132666.37695,40,326,60.056244
TK,5,0,YEYLTTKDFYKNDQTENYQQOAETLLDQD,5,718.932523981458,5476244.693359,20,279,58.6329024
NO,4,1,YLKGNOHQLDHLBBYSDNSFYGEF,4,709.084905531731,9484000.583008,30,295,53.7229902
FA,21,0,ESLDPYSKFGLALQFTQNSNLFAYEQGGKPE,4,870.425197366329,2304221.197998,50,194,53.7673716
GF,12,1,OAKANHFSAAHHGFYHHSYPQBQN,6,459.052553988365,91130329.6377,30,112,19.263168
ES,4,1,YBQSESHLYSPQDQSNBGAPGYEASLEPB,3,1038.132139652377,43836404.55469,40,137,22.3250742
OL,16,1,GHKOKFLHDPLASLEFOLOATNEF,5,552.103678234567,16400654.85791,20,250,48.4404258
PH,26,1,OBPGGBETNYHTFDKAAQYGKYBELBPHY,6,541.597734792116,19183971.44824,50,2,0.732048
AK,3,1,ONKAKAPFDQPYSBDHYFOSBYKK,4,709.363210239555,9473528.378906,40,177,30.3393552
TK,5,0,YEYLTTKDFYKNDQTENYQQOAETLLDQD,4,898.412910177533,16391094.44629,40,224,45.2125656
BT,18,1,OLKAKDQNTGEPLKQDFPBTKFQS,3,907.481457052021,8765821.90625,40,170,27.975873
OK,0,1,OKFKYQKKSKKSGDHYQFTDPQTQDDHHS,6,587.956630479618,46418911.16016,20,147,29.1561252
TD,4,1,QTPETDFPYABHDOHFNGDOEGLG,4,666.052404602195,141399370.9687,20,31,10.403217
TT,23,1,YEFFNPQGTTBKOBTGBYNPEQSTTBHOA,4,798.38804674275,9291401.820312,20,203,37.7894148
GQ,21,0,QESKTQTBGONBHNANNDNKNGQKTONYO,3,1073.857001315316,3119965.837891,50,196,40.9196136
FY,4,0,LBKGFYEATSPQQNABYHDFFEEN,2,1404.139177592872,1418066.743652,30,266,48.3142176
EB,7,0,LSKHYHNEBABPPGELNLOQNDBE,3,893.107316805593,4206248.103516,50,299,51.8725218
TB,1,1,FTBOKAEHKTHNHFLDNAKSKYKONNDQH,4,867.442126218861,13579514.25,20,125,24.9763596
DF,7,1,GSNTFEDDFFYEGBSAHYTYSLEHDOHBB,3,1114.144809648146,10256551.625,40,180,30.1230198
HL,10,0,YLKGNOHQLDHLBBYSDNSFYGEF,2,1417.16339909461,15198645.75,50,48,9.6341748
AN,11,0,KBDHODNHPLAANQTBBKFQBNOFSHHNFH,4,864.929507091781,2096420.097656,20,179,36.9673092
AT,24,0,BBKSTTYTHNHFHBYKSATEHYQFATLBS,3,1115.198277751094,94541994.65625,50,107,17.654682
HE,17,0,SAKASFNKEKKLNDAFTHEDBLNH,5,546.877888014763,5172012.560547,40,229,42.773529
OL,11,1,AEEAYTPLHTHOLSNYSOAEBFFLFOOPN,4,835.924304817464,10896063.90625,20,330,58.097424
LS,27,0,OYFYFDOYKLADPQPYADPLGQBDPLYLS,3,1138.562282683958,43503827.01563,40,127,23.0368422
PD,17,0,LKGQOYYOAKBFGKTPSPDOBOSS,5,521.285386198202,6442703.362793,50,184,32.5757772
HN,0,0,HNBYHTSOPFQHLEQNETFDPDBGSTDSO,3,1101.827393236546,3645306.34375,30,259,44.281422
TE,17,0,SYKHGKKPLPEEPDDYTTEHBTLN,2,1393.170402589831,11561116.5,20,26,8.2704432
FT,19,1,SOBQYOBQFPDHGBTNDNOFTPQPEPPGN,5,638.304992675781,24929045.85449,20,272,50.510535
QH,14,0,LTKASGSAEBOLSOQHFDPAAQAY,3,836.093936320213,5024936.538574,50,335,56.42613
NA,23,0,KGHKLKSHKLGAGAKEBYKONQBNADOBD,5,625.543737976074,12977437.34375,40,248,43.575099
FE,9,1,FTTNOFGHQFEGPPKSQOPHHYLTKBOGT,6,548.282830896358,19181947.05859,30,343,58.6057122
TO,21,1,KKASKAPNQKTYBBGLLLGNETOLYL,3,946.207573461305,486120177.75,30,274,43.3210494
YD,7,0,DQSGTTFYDDTOELHSKOFSQYTHSOITYSOE,3,1248.584336934735,2429262.060547,50,233,44.891001
AE,17,0,STKABDFYPQGTATSDAAEFGYED,3,853.038347008925,463623252.8359,50,285,56.575254
QD,3,1,KFFQDONQKKSKKSGDHYQFTDPQTQDDP,4,868.669208431725,6423067.869141,40,156,30.8784672
SF,0,0,SFGHYALKQHSLGLQEYLDLSNLQTNEBB,2,1639.314196529412,7119537.632813,30,210,33.2668152
ST,25,1,GYTDKTDFSQTHNBGAHLGGQLAFGSTQQ,5,611.290100097656,20687257.07031,30,109,22.955889
OP,19,0,KYNHTGQKLFBQFDGXBGOOPXYHDHLG,3,1085.872363041791,3074133.05957,40,314,57.130368
YA,20,1,DDKKSIKKTDDDEDYNYAYLYADDDEDEBDDE,3,1279.526489257812,12590598.625,20,44,12.835686
EY,15,1,NYKASDLDKGDOAFQEYHHQAEBK,6,466.559411672446,11214585.2002,30,321,56.8515
KP,17,1,LDKFALTPFPKKAPSYPKPBFPPOYDGGG,6,523.450307002211,44109722.91211,30,273,44.3873544
DQ,5,0,OLKAKDQNTGEPLKQDFPBTKFQS,5,544.891907969321,128209098.0469,30,109,18.3031254
AA,19,0,NHKGGGFLDDQHFFKDKOLAASSL,6,441.896572401036,29119367.42773,20,191,34.472475
NB,16,1,AGKLOGLKKBOTYGHENBSPPYDD,4,648.337583230031,9254145.796875,40,50,13.042113
TO,19,0,YOGQEPEGHYAOHHKYNGLTOOGB,4,675.836285294242,10843889.40137,20,164,32.6134812
LD,25,1,YEYLTTKDFYKNDQTENYQQOAETLLDQD,4,898.416625976563,17044200.08203,40,216,43.5939366
FK,4,1,NDKAFKAAKEPOBETKLAEYKLHT,3,911.494991213013,53408472.70312,30,86,14.7017292
QS,0,0,QSKASTDPTFANTYKNSBEBNPDQ,2,1308.101769842549,2355189.484375,50,108,21.0964068
LA,12,0,SQTDBBAQBBAQLAPGPPAFHSSNHEDAQ,3,983.459167480469,2556593.322266,50,25,4.5632691
BK,1,0,QBKSBHYLOGNSELSKFFEFHDDS,6,467.725850883178,4067272.838867,30,110,28.3500498
BY,16,1,YEFFNPQGTTBKOBTGBYNPEQSTTBHOA,5,638.911609704652,19983113.45703,30,190,31.2511704
OS,2,1,YFOSEPGSTYEFLBGKOKHOFLSQOKSPB,2,1653.376831054688,38008145.59375,20,63,13.95564
GA,12,0,KGHKLKSHKLGAGAKEBYKONQBNADOBD,3,1041.901689163302,4932667.8125,40,302,53.1841722
DE,5,1,DOGDGDEDHDHDYDHDDDHBDBDBDDDDEDGE,6,603.540222167969,16280406.3418,40,74,15.4613556
PH,24,1,POOSOEPLTFOKLQNNAQKOESYGPHYTY,6,564.635070800781,595095229.7344,20,22,8.058423
OD,15,1,KYTKGEENFFPLELGODESFTGBOQSNLAE,5,673.733319870182,34456505.3125,20,310,56.0576634
AP,10,1,GLKAOPBGFGAPYTQAOQFLFQAT,3,843.119945678063,22284169.66602,30,100,19.3700778
LO,16,0,AKKADPLQOTLHENFPLOALOHQO,6,455.430396737939,20374853.39941,40,224,38.4954732
GK,14,0,NTTPHTNTPOHTONGKFYFEKLYLFFYFA,4,882.443317615532,17072362.18359,50,264,44.357838
YT,4,0,AEEAYTPLHTHOLSNYSOAEBFFLFOOPN,6,557.618005527927,224276687.2188,30,124,20.6985
KL,8,0,AEKANBGOKLAOFOFONBSSTLDT,5,509.280203521623,17854257.05859,20,88,19.1289438
QI,11,1,EPESDEITGNOQIQYOFIGOTNGTSLHLSPS,3,1126.226584235669,21374966.85938,20,79,19.4138262
HL,6,0,KAKAFPHLAKNKHSKLPLQAFFAK,2,1360.798266370342,51454574.83203,50,11,6.2301882
PP,23,1,GELPITEKDFYOGYKIAALGTDLPPHOYOGT,4,852.950271183518,295522920.5469,40,59,10.7306988
ID,26,0,DGNKNHNKTESOQITTBBKKKQBDPDIDDOFD,5,724.366088867188,3643746.695801,20,269,54.8811852
DO,18,0,QTPETDFPYABHDOHFNGDOEGLG,5,533.044015257022,103102776.2402,50,86,17.9885022
OF,11,0,LFATFGASFNBOFDOKOTBSGEYG,4,644.074850768276,14056126.29102,50,277,45.462762
EA,6,0,LBKGFYEATSPQQNABYHDFFEEN,2,1404.139291041213,2398901.3125,30,162,29.6722026
BG,5,0,KASBDBGAELOBSHEBDBSEAGKSSQHNA,4,725.59751449188,1380088.484375,30,96,23.3208258
YK,7,1,OYFYFDOYKLADPQPYADPLGQBDPLYLS,3,1138.560636085938,56931927.0,30,117,21.1157538
TP,5,1,KSKABTPKHTEFALKFDASALOTO,6,435.080670307697,6895002.389893,40,306,58.3387932
HG,3,0,LLOHGTTPQTPGYOKBFBPGGYNGEHHSD,4,778.38456970868,1531350.466797,50,23,4.97590896
PY,12,0,SLKADFAGAQDSPYLQQLEPQGBA,4,630.814139688152,111340280.9453,50,63,13.6496496
OK,14,0,GQDEOHTKKENHLAOKDGPNDLSBPKDLK,6,538.9508416539,104910256.7266,40,127,21.055698
BT,12,0,HELDBPSOPOADBTSNTFHBEOKYQQDST,3,1083.181920362553,3684738.095703,50,315,54.657942
DK,8,1,ADAHAOLNDKSSBBKDDPNTBDNN,3,838.723746931394,2821602.018555,30,312,56.8083708
EG,19,1,KQQLGDNSFSLHNEYYSFTEGAPHHTQHND,6,584.431580781766,13938248.73047,40,270,47.409084
BO,10,1,YKNPAHTGYPBOPFOGOEOYGSEHFYDKO,5,672.933717263077,32001537.53906,40,133,22.068705
EP,10,0,OLKAKDQNTGEPLKQDFPBTKFQS,6,454.245825344582,8672722.331177,40,2,0.82001802
EK,11,0,SGKHLNKPLKAEKBSYOAEBNDPO,5,526.086775705904,35467348.14062,40,27,10.8561156
YD,26,1,KQGLHGYSTQHNHGSNEPDFLGLFLQYDKS,4,855.163848737657,12797462.1543,30,30,6.7700568
LP,27,0,ADBDHDEFYLEHFKTYSHAANNTKFLSLP,4,849.902269943539,410865454.1875,20,78,16.5418458
ND,16,0,QESKTQTBGONBHNANNDNKNGQKTONYO,6,537.431889416731,13925635.79395,40,195,39.1683888
AS,7,1,QAGQNBTASNSSPKLHYSOKHBLY,3,873.111890481608,2190896.925781,20,245,50.3317032
YF,17,0,YDKAAYGYPGGGQFSLQYFSGLPF,4,659.060751888102,1369665.111816,50,240,50.9704656
OL,5,1,ADAHAOLNDKSSBBKDDPNTBDNN,6,419.865492858411,10916162.69141,50,31,6.9729312
QH,26,1,KQQLGDNSFSLHNEYYSFTEGAPHHTQHND,6,584.431647630827,18660992.68164,50,197,34.977894
GY,10,0,KHGQOPDESPGYEYKTBHQNTEPS,5,546.656563424384,7921426.580078,40,121,27.5593332
LL,6,1,YYDQKFLLABAHAGSGDHPYBDLSFTNNO,6,539.260906312785,55107647.72461,20,294,51.7210962
HH,10,0,OAKANHFSAAHHGFYHHSYPQBQN,3,917.098585699561,2884672.292969,40,295,51.4283106
EB,13,0,YKKNBSYYAAGQNEBYQPFANFLQ,5,564.071708199763,19690017.38574,50,180,33.6765342
AQ,14,1,KNGTKTAHASTLNAAQFPOYOYEBNGLTGA,3,1047.204044295352,36398550.11328,20,349,58.4325078
OA,22,0,ABKAQESNEONFDQLSSYQTTFOA,4,674.0759569594,5691724.424805,20,245,49.3610034
TT,15,1,KTBFFLDAKKBGAGNTTYGAQNHBSFGAKP,4,779.402193980349,83936099.28125,40,106,18.0182652
BK,16,0,OGGQYAEQNOQDPDDHBKEPYOQDDFOOF,5,680.518643992056,14199625.38281,30,137,24.2601948
KA,2,1,ASKALDPANBSYTOEYPDGTNGHT,3,837.05842274851,76169820.42187,30,65,13.4164968
OF,13,1,YTKABGKPNAPDNOFSKPAPKGQT,2,1259.158305955194,1622870.71875,20,219,38.72337
NS,16,0,HDKQNHFILKSNHENTNSPSLTFKSLABDDG,5,696.945484320047,27314400.05176,50,110,22.094637
QB,20,1,OAKANHFSAAHHGFYHHSYPQBQN,4,688.074862100675,54449632.96875,20,58,14.2994772
AP,24,1,QYQFHHQSLEDSKPTBAQTTKONKAPFPD,6,558.111877441406,33761318.67188,30,39,11.5217742
KQ,4,0,LLKQKQDDFBLPQFPFNFSAHNOLDGALL,2,1658.87747356511,3478795.304688,50,342,55.129221
LG,9,0,KGHKLKSHKLGAGAKEBYKONQBNADOBD,4,781.677641982299,236765265.0,50,51,9.565887
TT,20,0,GKHPHDTFSKPQGQAEEDTKTTKOLKBYG,4,807.915129092144,16609559.68359,50,227,37.5810234
NT,14,0,HDKQNHFILKSNHENTNSPSLTFKSLABDDG,3,1160.904688411486,6031368.5,40,100,19.243494
QQ,16,1,KKSNKAQKYLKPBLLEQQFGQEAKNK,2,1516.857193219614,43732397.0625,30,21,3.65007018
YE,0,0,YEKAFNHNSDKHGNDNKPYPHDSY,3,959.753448500179,2409325.8125,30,290,51.0189132
KG,1,1,LKGQOYYOAKBFGKTPSPDOBOSS,6,434.572696852516,8283369.330811,30,198,35.5755312
NH,2,1,KYNHTGQKLFBQFDGXBGOOPXYHDHLG,3,1085.872173700978,8784034.389648,20,166,32.398449
GE,20,0,LFATFGASFNBOFDOKOTBSGEYG,3,858.429732364733,108282033.5,50,56,10.1233368
GH,2,1,SFGHYALKQHSLGLQEYLDLSNLQTNEBB,5,656.328829212378,283423276.0,40,247,39.7595406
PN,5,0,QFKAYPNHQYTSHNSFQFFPPFPB,4,729.595739424915,44902614.16016,50,190,34.8889902
LF,23,0,NTTPHTNTPOHTONGKFYFEKLYLFFYFA,6,588.631323913164,63926832.99609,40,184,30.4131048
HN,19,1,LEKSGTTSGOYADQLYOYHHNOLO,4,689.105225936665,21349411.25977,20,14,7.2429276
LA,11,1,GLKANQGYNQHLAFOHHDSDNAKE,3,903.434028747822,6278935.40918,30,105,21.028878
DY,14,0,AHKHQKLNQLBPBADYBGBTKGSS,3,842.103451408482,1480712.811523,40,203,38.6211
AH,1,1,HAHLQGBOEDSHOOPQKTDEYGEYPYHQH,3,1144.535084682766,5454876.056641,40,299,51.5848032
DQ,15,1,GYDOGHEALNYKPLADQLYFFGGAEDALSPG,4,833.152615728596,31837251.0542,50,216,49.854159
LO,18,0,FSENFQFLYYLNKHSPGELOTBTOPPEDE,2,1708.824959560397,3558451.59375,30,185,29.6068098
DG,29,0,DOGDGDEDHDHDYDHDDDHBDBDBDDDDEDGE,6,603.539428710938,2779600.071045,20,5,1.5637848
NQ,5,0,NGDNHNQNHKFKSKGKGPPGFTGHDQTSA,3,1035.824606194,5990252.576172,50,300,50.3009928
TY,7,0,NTKAOAYTYQBEABEPEHQTEGNN,5,537.049035449299,24759069.01074,50,183,33.2981652
DD,10,0,DDKKSIKKTDDDEDYNYAYLYADDDEDEBDDE,5,768.119995117188,14808467.80469,20,154,35.2161522
OF,14,0,AKKAODKQNDOGSQOFNFAAYGBK,3,872.790496858842,1366137.023926,50,92,19.9026522
QK,1,1,AQKABODKYTFTKLTBPSQBPLLN,5,528.096354303141,39074354.48877,40,197,32.70312
OG,12,0,KQPPBHKKPALSOGESYPPOHPLPQLOSAY,2,1648.41069315709,7490900.054687,40,185,30.5993802
OL,10,0,LTKASGSAEBOLSOQHFDPAAQAY,5,502.059529501201,16377714.02661,50,337,57.082092
HP,11,0,KTTEBEGNELQHPHLLONYNQLSEPKPSDG,3,1125.891476206193,190288931.5547,50,217,37.6858158
SS,12,0,KTYBLODNFKQASSGDNHNQNHKFKSKGQG,5,676.539489348882,13259843.64258,40,305,53.5995336
BK,16,0,SFKAPGBQSTSHFAOGBKHEFBOY,5,523.267851106571,77571979.14844,40,73,14.4516132
OG,15,1,QGPGYGQLEOALSSKOGEEOGLEH,3,843.428618778018,114924306.1094,20,25,8.455419
FD,4,0,KNFSFDAAEHAYDQLSGASGDFANTADPPG,2,1550.685012499016,2229185.75,40,109,28.4570658
AT,2,1,GLATYEQLGFYEQLGDSTEHPHHFFOSEPAN,5,707.930843413666,30850388.94727,30,242,47.5386726
EK,7,0,GHKAGOKEKGSASBKGGNAFAPGL,3,757.074916746194,1181127.905518,50,245,51.279237
GH,4,1,BQNSGHYNOAHFTEPOQOFLDAGYTYDHL,4,839.144768361234,18576740.07031,30,277,45.053352
HG,12,1,KQGLHGYSTQHNHGSNEPDFLGLFLQYDKS,5,684.331831399175,13495524.63623,30,278,53.70129
LD,7,0,NHKGGGFLDDQHFFKDKOLAASSL,3,882.785317600229,8582822.974609,40,223,36.50448
HD,22,1,KLDLPSYEYQBOKABNAOASFHHDHQEYDA,4,870.170722502167,21281869.33984,30,279,47.8830582
KY,10,1,KBHDPTPEEQKYOOAPBQEYNLLAKYQHLQ,5,714.57271821338,18806537.58203,40,200,34.2453492
EQ,4,1,KYNYEQYTQLBPBNBNYSEHFYSPDLHGKK,3,1207.911458657712,438078640.4063,40,50,8.9432442
NK,10,0,GDKAHNNBKYNKHASTHTOSPQPS,5,524.66040182253,907828.7995605,30,157,33.1809372
SP,17,1,LHDFNFFNFOGDSKHEASPEKLEGLNKHD,5,678.128561218179,303142906.4687,20,17,7.1871468
EH,0,0,EHQENAHFYLPGHYKHGASLSDTOHFPNOYI,5,728.350259455021,4530891.01709,30,241,46.5724218
LG,5,0,HLHOHLGNGHAEHLAHNQNBBEOAOQBPH,5,640.52490928515,10120998.87891,40,174,32.8549818
DL,10,1,EAIGIEENNKDLEPEINALHNHAYPFGNHLO,4,878.935133526134,16082749.49512,20,224,42.9114552
PP,18,1,HDKAPYQDHAOEGTYYAPPPAHQG,4,666.811564298525,9669746.509766,40,184,34.398264
OT,11,1,AGKAHAKQQPSOTGDEFPOQDKLS,4,642.835864651586,3689817.700195,30,248,42.4767696
NO,14,1,AYDGOBNHQHTGYPNOLGBBEGKYPNLHK,6,533.60279652944,13770441.59961,20,321,58.606677
YA,11,0,GKKYOFQKKDDYAYNPFFGSHKKDDGHGTGN,5,713.549123373227,1297362.775391,40,143,36.373068
PD,16,0,ASKALDPANBSYTOEYPDGTNGHT,2,1255.085499554558,6918424.0,50,93,18.0810168
EH,18,0,GLATYEQLGFYEQLGDSTEHPHHFFOSEPAN,2,1768.319489418764,3276577.234375,50,80,15.523395
FH,13,1,KLYYTDHYQFTDPFHFDDHYFYFDOYKQF,4,976.942662531646,39336523.04688,20,75,17.0248902
KN,26,1,ADPYHEYTNLBKNDHLTQPQLDADBDKND,6,557.926839889614,44417761.39063,40,294,50.157276
KO,2,0,LYKOYPHNFAGGADTHOYQEHTQP,3,934.783657164775,4619662.626953,40,326,54.667893
PO,25,0,NYAEQGYYYFHYPPEDHGQOLFGYOPONK,2,1770.325916591206,1864181.519531,40,170,30.064629
NA,23,0,KGHKLKSHKLGAGAKEBYKONQBNADOBD,3,1041.901679337128,10747840.75,30,171,29.6472768
KK,26,1,BKPKHKKKKKKKKKKKKKKKKKKKKKKKA,2,1806.792654342601,4695716.3125,40,228,36.9323616
FL,22,0,NFKPTEGGLQSPNKQGHBGSTLFL,2,1272.153987050971,4295858.625,50,249,44.4479484
FE,1,1,DFESEKDKKSNDDDIDEDEBDHKDDTNBDDDY,4,945.37890625,2172204.539063,50,188,37.1533344
YG,22,0,BTDBNYDDSLGFYATPHPBDQAYGEGKLH,4,793.107282267773,4317198.296875,40,214,37.6289472
QE,17,0,KBHDPTPEEQKYOOAPBQEYNLLAKYQHLQ,3,1190.284412448924,8228698.5,50,293,50.7047232
ED,3,1,PSGEDSEKSQDEPGBKLTLQEQDONTQBL,2,1580.253443238186,4903248.804688,30,161,25.8745548
AD,12,1,KDHYFYFDOYKLADPQPYADPLGQBDPDB,6,568.271076949995,190070297.3438,50,32,7.1660916
YA,15,0,KQBGHYHTGQKQQGQYADDLNTLGFGKBPY,2,1676.319721040818,2209093.527344,40,245,40.4114592
GG,20,0,PKTYYDFLLDODKLESPFHEGGHGLKPSN,6,553.945379326492,57131899.92773,40,22,4.22795982
BA,17,1,AYKAFAAQNLOBANHYOBAOPQBD,4,649.086695263493,345240086.1562,40,41,8.108835
KL,25,0,DEDDDEBDKKSPDDYHDDQIINLANKLAFSQI,6,616.288054410371,5634048.049561,50,220,40.7456496
DP,25,1,KTTPDQAFYSGYBFKALOPGPBTTQDPDDA,5,644.315506153659,85205292.36719,30,75,14.99736
EQ,13,0,HQTNAEOLYOHOLEQNBQTEBKKEOQFAP,3,1137.921545050201,19481134.25,50,252,42.1875786
FO,1,1,YFOSEPGSTYEFLBGKOKHOFLSQOKSPB,6,551.796143346945,65952380.58203,40,289,46.9114602
GY,24,1,OSPEBOFSSGANTOGBFENNPFEGGYBTN,5,605.482306083265,228080111.3594,50,42,8.297133
NB,3,1,YKKNBSYYAAGQNEBYQPFANFLQ,5,564.071969494122,16042004.49512,30,209,38.468163
HT,26,0,GGEEEHQQSGHNBDDDEGPYSGFAOEHTLQF,4,855.112307099721,4807379.67334,20,221,48.2662284
TP,22,0,SBKTGOKANENEBYALNPNQKYTP,5,531.472472810637,24702839.50586,20,172,33.1802478
SP,24,1,AKNFDPONNBDFKTLFTTABYDQGSPEAB,3,1055.174572211574,27681202.51562,20,93,19.2382458
KQ,21,1,HQEEGDQPAGKQEGNAETGYLKQNOHKKO,4,813.152738574266,136569123.625,20,70,15.4724922
AQ,6,0,KPGAYPAQDKHAQPQSBGBOPSTK,3,827.095352499079,2642374.709229,30,13,3.45722886
BY,2,1,YSBYPDNGPSKFYOLBPHGLNYQLFDYOK,3,1142.901869358401,14996601.25,50,205,33.6063
AR,12,0,PFGARTPGPRADARADARADARADA,4,638.827982622038,3744497.799316,50,29,5.6214468
YN,15,0,HHBNHNGSPEQTOAPYNQYYOKNGLLFNF,3,1135.548553174425,1806336.265625,20,326,59.9270682
GN,2,0,OOGNNBPKGTHEEOAFNOFKLATT,3,873.463038910934,3036228.6875,20,164,35.575104
SG,24,1,PKEEKHELNFGFQBHSANPGHBYKSGTOB,6,536.100927065012,160101761.6953,40,115,19.1320362
HA,5,0,NGOGYHASADGTHDFTDOQDPFKSBDTQS,4,778.845132956716,1702626.884766,40,250,47.389998
QY,3,1,SOBQYOBQFPDHGBTNDNOFTPQPEPPGN,6,532.088500976563,10703199.69141,20,248,46.2201468
GB,19,0,PGKATSGGLKOEOLFHBFPGBHPP,3,825.452222621929,3644340.34375,20,197,40.9932162
SK,1,1,HSKABKAESEGBTKNPAASSDNQQ,5,492.240108415982,6693277.684082,50,190,39.9748296
EB,11,1,SBKTGOKANENEBYALNPNQKYTP,3,885.115864831785,11806977.02734,20,137,27.0897078
PD,9,0,LLKQTAHGOPDKDELFLLEAGPFO,2,1334.227607147811,2300165.75,50,279,45.2146998
SN,21,1,AOKHPFYETNQQTBESHDNHOSNL,6,469.392745944559,8243526.704102,20,236,45.5977866
KT,2,1,SBKTGOKANENEBYALNPNQKYTP,4,664.088899685343,7349635.431641,30,310,54.5774502
OB,14,0,GSKABYNGKDKLAFOBPYBOEYGE,5,525.471106490541,7633246.883789,50,136,27.5239068
HS,5,1,QNPSFHSGAGSNTSBGPENKASHF,3,815.369720200449,4332349.174805,40,154,29.1783612
GE,16,0,FSENFQFLYYLNKHSPGELOTBTOPPEDE,3,1139.552896055602,11913826.53516,50,351,58.319592
GG,26,1,AYLGSBODGQYANQEQFAEALNDQOEGGY,5,631.288638362567,21581592.09375,30,45,9.6557526
GA,22,1,KKTTKAHGLKFTFBQBBSNAOTGAQK,5,553.713487558047,22843244.33984,30,246,40.106526
OB,17,0,YGKAHAHYLTYAFYPGOOBYFYKK,4,726.372368200362,6513572.210938,50,273,47.2691928
SF,3,0,KYKSFOKHHQHPQPEALQFTYQOG,5,586.307623845466,7912195.393555,40,223,42.624777
EG,9,0,ALKSBHPGTEGSAFQOTPEPNBFB,3,829.745752638845,7879292.0625,50,70,17.0601942
TT,2,0,KKTTKAHGLKFTFBQBBSNAOTGAQK,5,553.713683230685,27211374.4375,40,215,35.0156052
DG,13,0,NSLTLDKFAQFGLDGQQGNQFGGFGQDBY,3,1046.823608398438,2494450.158203,50,206,50.8717518
GT,17,1,GFFFHYLTETYDDLFAKGTLLQBGFABTL,5,658.335187098828,535217259.0156,30,91,16.5889236
QH,11,0,SKKSPSOAOSYQHSTANLKKGKHB,4,650.360930133253,18320802.20898,50,88,18.0852378
FG,20,1,NSLTLDKFAQFGLDGQQGNQFGGFGQDBY,3,1046.82373046875,5947342.667969,30,107,26.8759662
AO,3,1,NTKAOAYTYQBEABEPEHQTEGNN,2,1341.113613566326,16105765.82813,30,55,10.7728956
AH,10,1,HPYDBOENNHAHGDKBEYPHBKFHQPKOQ,5,688.734465835746,16001885.33594,20,144,28.437309
YQ,21,0,BBKSTTYTHNHFHBYKSATEHYQFATLBS,3,1115.198024854405,17640601.66406,40,209,33.8681478
TS,5,1,HNBYHTSOPFQHLEQNETFDPDBGSTDSO,5,661.499034797118,231093597.125,40,77,13.3627812
HE,18,0,PKTYYDFLLDODKLESPFHEGGHGLKPSN,3,1106.884128183092,70924786.46875,40,125,20.303814
EB,30,0,DHDQIDEDEEEDDKKQYDDEFDDDEDEDEDEB,4,988.109985351563,2265370.921875,40,197,50.9970768
EA,0,0,EAIGIEENNKDLEPEINALHNHAYPFGNHLO,4,878.933498333225,98952798.67578,50,107,18.91848
EG,10,1,SLFNSOOSGEEGHQFGBSQFEOKKOBBET,2,1594.295288085938,5374291.5,20,31,9.322758
DH,17,0,OTKGDAHQTHSHBAPGSDHDQQOT,4,643.051479585236,4834175.564453,40,231,42.3025872
TB,9,0,YEFFNPQGTTBKOBTGBYNPEQSTTBHOA,6,532.594542760509,27304930.64844,30,294,49.549791
AP,22,1,KQKAAYLEFQYNSYPBYSDEKBAP,3,938.124425880885,6257802.407227,20,237,42.173604
SL,8,0,BTDBNYDDSLGFYATPHPBDQAYGEGKLH,3,1057.140991210938,1328114.876953,40,284,49.922784
EP,12,0,GEKAFSHLKNKAEPNEKOKNNOSG,3,885.805046068419,842718.4658203,50,6,1.70668482
FS,0,0,FSENFQFLYYLNKHSPGELOTBTOPPEDE,4,854.915133344448,51677028.10156,20,203,36.0258024
PA,18,0,EOHDFGTPLFTHKIAYNHPANSTYTLEINNO,6,596.297571513329,50008840.48242,50,163,29.1430698
EY,18,1,NDKAFKAAKEPOBETKLAEYKLHT,5,547.300395334896,58358439.34766,20,93,19.321821
PP,16,1,PGNTPTOLKNFNFKHBPPABKQGOTYTYO,4,809.68238515733,103952907.125,50,88,14.7626106
LY,18,1,NKKGPEASDPENHFPFTSLYBHAN,4,672.321328512808,60633791.38672,40,79,15.8916948
NY,14,0,AEEAYTPLHTHOLSNYSOAEBFFLFOOPN,2,1670.84228515625,3332594.8125,30,152,24.7784952
PL,7,0,PLKAGYSPLLNPTHKTQKAPHDGT,2,1286.190264670646,2064590.248047,50,165,27.192573
KP,25,1,PKTYYDFLLDODKLESPFHEGGHGLKPSN,5,664.533185753801,124768297.2461,30,286,46.3642188
GY,0,0,GYKNTLLYPFHOGOLYKKHAGNOP,5,552.908070632541,5761673.813477,40,257,46.7884686
QF,8,1,FTTNOFGHQFEGPPKSQOPHHYLTKBOGT,6,548.283550008198,25196297.89844,50,29,5.80343694
LA,17,0,KTHYBPEBKDAHQTDYELADPGQOBFKBEY,4,867.920413981607,3845423.15625,40,237,46.369332
LP,22,1,GELPITEKDFYOGYKIAALGTDLPPHOYOGT,6,568.970925194674,415803482.6094,50,81,14.4237096
NN,20,0,HOKADHDQOSYLNKNQHOODNNEB,3,950.464355020321,1425555.106445,20,115,27.6966072
FA,22,1,GTOKKFAEOSDPQNQIYNTGSKFAYKGLGPF,5,685.159242872199,45872774.04834,30,162,29.246955
QG,16,0,HKKAYKASPBYLOBEAQGQQOHTD,6,450.905635891575,1722814.175537,50,186,47.9282718
BB,19,0,HLHOHLGNGHAEHLAHNQNBBEOAOQBPH,5,640.524645814799,19305856.24219,50,129,22.3952412
SQ,11,1,KDKQAKDLOKDSQNOOHAQBLQHQKBDLOY,5,702.384419727544,1976543.481445,30,224,43.9517688
FY,27,0,KODKKAOHKSGFAHTOAPNOPSOYELNFY,5,664.958986845702,11733047.86719,30,198,36.8746248
GY,6,0,GLKANQGYNQHLAFOHHDSDNAKE,6,452.220581007606,1655408.607422,20,237,45.30294
KS,25,1,YFOSEPGSTYEFLBGKOKHOFLSQOKSPB,4,827.190364754985,21088376.0,50,268,43.6326444
LT,25,0,YYDDAQFOFSTALDLTYHBEHKFGTLTFY,3,1165.211547851562,2693827.984375,50,145,27.4092762
KF,15,0,APGAYANQOBDHDLGKFEENLBYA,5,522.651515075064,4159826.802979,40,116,25.130619
LL,21,1,FNNHDQYBTPSTDYTFLKAPQLLPSHDSY,6,565.100901605387,31467996.70312,20,90,18.3327822
NO,21,0,KBDHODNHPLAANQTBBKFQBNOFSHHNFH,4,864.927505632837,20606877.76172,50,72,16.6231968
FK,2,1,YOFKOFSFPHPHYDPLSBHTPYHNAYDNQ,3,1179.554488755337,9708215.84375,40,346,59.0430978
BS,15,0,NGKAFQNKAYOGGHABSQDQTBLH,4,640.320520838021,1726316.240479,50,306,53.8060398
FS,7,1,KKSAKAEFSBBSSBABFPFFPTDLNK,2,1396.233773030344,8624295.101563,20,316,54.3912252
BY,6,1,YYKASTBYKOHYTLSNKSABPEOD,5,554.079630337545,7986276.911133,20,192,36.7453182
FY,21,1,HQKGDNSDFFFAELKBGSLYFFYS,3,945.113471455166,287233028.7578,40,63,14.0539578
GD,1,1,NGDNHNQNHKFKSKGKGPPGFTGHDQTSA,5,621.897214714561,32844338.90625,30,289,47.4626442
NQ,27,1,YOFKOFSFPHPHYDPLSBHTPYHNAYDNQ,3,1179.554773029912,201657739.625,30,45,7.913586
KA,2,1,GNKAHFHLAKNDFYSQHOHEFBNN,6,476.730346647326,23825314.06348,40,48,12.8662932
BD,9,1,AKNFDPONNBDFKTLFTTABYDQGSPEAB,5,633.507796681055,24208388.72266,20,319,57.3006642
QD,3,1,KFFQDONQKKSKKSGDHYQFTDPQTQDDP,4,868.669152305815,50584425.45313,50,68,14.7657654
TK,16,0,QTKKKKAKELBYQTNLTKOAHSSQGFPYO,4,835.462056375242,66573694.5,40,30,9.2281218
FD,12,0,SHKALSTHPKYKFDSOABPBLBDE,6,441.400005931069,66269904.5,50,99,17.83491
SK,19,0,FTBOKAEHKTHNHFLDNAKSKYKONNDQH,4,867.441319610796,6456450.46875,40,235,41.6970486
BY,18,0,YGKAHAHYLTYAFYPGOOBYFYKK,6,484.584601955556,22650710.84229,50,286,49.7879208
OK,14,1,OSTHDKGKSKYEFKOKHTLKTGKHOGSAK,4,818.459736115493,7217176.9375,30,198,33.8401248
GD,14,0,KFFQDONQKKSKKSGDHYQFTDPQTQDDP,4,868.669997508838,3362609.273438,50,245,49.8686628
GK,12,0,LKGQOYYOAKBFGKTPSPDOBOSS,4,651.354844253341,8599822.310547,50,105,18.3837108
IE,4,1,EAIGIEENNKDLEPEINALHNHAYPFGNHLO,3,1171.574092002093,160555965.5156,20,35,10.1038368
QG,1,1,NQGQPEGFGSAKLDOLKSSKDFKN,3,870.447719721554,19717516.45703,20,94,20.364468
LA,19,0,KLQSLEBKTEHPONYQNPLLAHSFHQQBLE,6,586.809286008976,117593320.7109,50,253,42.2992272
KA,23,1,QYQFHHQSLEDSKPTBAQTTKONKAPFPD,6,558.111572265625,7134969.777344,40,90,21.8457174
TE,8,1,KLQSLEBKTEHPONYQNPLLAHSFHQQBLE,6,586.809784675184,100663766.6641,30,278,45.485517
LO,0,0,LODHLHPHYHQFAOKFFPLNPABFEPEBF,3,1160.257080078125,2802665.15625,40,142,26.2450242
HE,20,0,KYYDFPNLTYOFALAYBAQHHEDYGOANKA,4,881.93134950243,75432604.03906,50,153,26.80863
OG,1,0,DOGDGDEDHDHDYDHDDDHBDBDBDDDDEDGE,6,603.539733886719,7140114.753418,40,202,42.0068772
GS,21,1,SHHLBYKOATLGYATDLYFPEGSTGBGTL,6,515.095657373456,7960970.554688,40,264,42.4501038
PS,29,0,EPESDEITGNOQIQYOFIGOTNGTSLHLSPS,3,1126.227985145682,3497170.794922,20,237,51.496422
QT,25,0,NGDNHNQNHKFKSKGKGPPGFTGHDQTSA,6,518.416326271021,9021346.831543,50,13,2.61705108
OK,4,1,YPDSOKNBSFSKAKNOEPATGQBKGGGHL,6,503.930683238407,165797336.0078,40,58,14.1169788
BP,17,1,AGQBQPBNBYBTBPBLBBPSYDSNBQPQH,4,754.867186191012,20177592.8125,30,161,26.5247778
HY,4,1,NDOLHYEDPYFLBDPQPFBDPLAQFSGKD,5,671.720050545131,105222166.9238,40,299,49.2042972
AL,14,1,AEKANYNQGHHYHQALODOSKGGQ,3,894.432373596887,2155504.096191,20,110,23.5975728
HQ,16,0,HHSFEGAKBQKOPFFGHQYLFSEKOTAPS,3,1107.237083873833,17788072.60156,40,49,10.8573846
SS,17,1,NQGQPEGFGSAKLDOLKSSKDFKN,4,653.088055523965,23898538.08594,20,142,28.85982
PH,22,0,KQQLGDNSFSLHNEYYSFTEGAPHHTQHND,6,584.432099243411,16244849.41016,50,221,39.35142
FF,8,1,KYTKGEENFFPLELGODESFTGBOQSNLAE,6,561.612996428686,14740220.55273,40,167,27.9393312
LY,7,0,HQTNAEOLYOHOLEQNBQTEBKKEOQFAP,5,683.155203444931,14224073.58008,50,28,5.2376289
PG,1,1,KPGAYPAQDKHAQPQSBGBOPSTK,4,620.573078256386,4745662.246826,30,133,24.4620618
IO,17,0,DLNOOYAANYPHYLLAPIOAAIDAYNOPOOLH,4,900.234187233709,6118764.490234,40,249,45.175185
TQ,5,1,YPKGQTQFHHFNDSGGPQLPYYAK,5,556.867700388939,141186434.7051,40,96,18.14235
GG,3,1,LDEGGOGFSYKQKNEHLPKBPNSFKOYGN,5,654.536376953125,153352408.0625,20,40,10.8393912
QK,13,1,KYTYDOFKHNLEDQKNBSAYBKOPOYOBTK,4,899.725032645927,10599852.875,30,106,21.3656022
PL,9,1,GHKOKFLHDPLASLEFOLOATNEF,5,552.103208696239,457888519.25,20,28,9.2960412
FA,5,0,GTOKKFAEOSDPQNQIYNTGSKFAYKGLGPF,3,1141.258590711098,2336784.8125,50,328,58.885266
FS,7,0,LDEGGOGFSYKQKNEHLPKBPNSFKOYGN,4,817.91748046875,3211141.96875,30,297,53.866746
DF,8,1,EGGOYNISDFGSOKFEPESHPOASLFEININ,5,688.940158607377,17375707.64478,30,226,41.141136
AT,10,0,OAPNKLDHDGATPTFPETPDTSOELQLYF,6,539.602572502674,9084988.019531,50,186,30.212196
ST,20,0,NEKAEYBAKHDHPETHYPBLSTAG,5,534.257028257351,2281118.420288,40,22,5.24317188
EF,22,0,GHKOKFLHDPLASLEFOLOATNEF,5,552.103092290743,46868796.30371,20,129,25.515495
EY,4,1,NEKAEYBAKHDHPETHYPBLSTAG,4,667.567797089337,129508400.5781,20,35,10.8987912
SO,3,1,POOSOEPLTFOKLQNNAQKOESYGPHYTY,4,846.44287109375,42256460.29687,30,146,23.770416
DA,11,0,PFGARTPGPRADARADARADARADA,6,426.221112176875,14128306.94946,30,233,39.6875538
FA,11,1,LODHLHPHYHQFAOKFFPLNPABFEPEBF,3,1160.257849142354,3990245.710937,30,136,24.7469592
KH,7,1,SFKANSKKHDOPSYFTTLPFDQLF,5,567.291021722598,23470025.16309,20,110,21.689352
PK,2,1,BKPKHKKKKKKKKKKKKKKKKKKKKKKKA,6,602.934788874419,117529264.5625,50,110,18.411708
GN,27,0,AYOSKSDPLKTPONEENETNBFSNGHPGN,6,527.753040479712,319331951.4687,30,50,9.4093518
HE,22,0,PBTBOLEKEDSOBSLGQFOKYNHEDEGTK,5,651.330664104129,5215607.238281,20,291,53.8546734
BE,17,0,QSKASTDPTFANTYKNSBEBNPDQ,4,654.554462025596,9604097.916504,50,260,50.508612
DQ,20,1,SFKANSKKHDOPSYFTTLPFDQLF,3,944.814018542158,283591263.875,50,55,12.8220618
FT,5,0,GBKHTFTHSEPFODYPPTATSAAD,3,859.738834111809,1585126.34082,50,286,58.7303478
SG,18,0,GPKHEPPOLQFDNKELAQSGYBKT,6,448.236127349208,5308559.17688,50,304,57.1811238
SO,11,1,BYQYHKAKNKYSOGTSOGEQOLYFQOBTF,6,570.294394600449,22150512.875,30,34,9.9524892
QK,9,0,KBHDPTPEEQKYOOAPBQEYNLLAKYQHLQ,2,1784.922874393934,25746770.8125,50,82,14.402793
SO,4,1,SLFNSOOSGEEGHQFGBSQFEOKKOBBET,4,797.647960556999,3250029.503906,30,336,59.565933
NS,16,1,HDKQNHFILKSNHENTNSPSLTFKSLABDDG,4,870.929054929596,44659016.53125,20,60,16.5854988
EY,1,1,YEYLTTKDFYKNDQTENYQQOAETLLDQD,5,718.932792856704,2652973.240234,40,18,4.51769394
BP,14,0,FTBHGOGNQQHDLHBPYGNDOLPYHPTHS,3,1090.516239751058,17054937.625,40,212,34.476309
DB,5,0,PFKSNDBPLNQDSBPQOOENNYKF,4,696.344347947755,6878444.644531,50,112,22.1422116
OY,25,0,SFSOLESGSOBQNAGHPBYAFSSTQOYEN,3,1041.484406993876,3802213.71875,50,169,31.0453092
DD,14,0,HEFAKAAKDOBDBDDDDAGOLPPPHYKKKSL,6,568.96257916276,4785203.922607,40,280,58.153134
GA,5,1,LFATFGASFNBOFDOKOTBSGEYG,5,515.461623127757,57445263.16846,40,238,39.2007348
TF,8,1,POOSOEPLTFOKLQNNAQKOESYGPHYTY,5,677.356262207031,30526568.38281,30,230,38.0831382
KH,18,0,YFKAGDLTDOTOHBBOKKKHFSDD,3,923.141901248376,1308731.925781,50,141,26.9263866
BQ,16,1,KBHDPTPEEQKYOOAPBQEYNLLAKYQHLQ,3,1190.285310186288,8521964.046875,20,273,50.1033012
LK,12,0,KNGQTOEQSHLBLKBSQSYOOASB,5,522.081435444068,1676544.532227,30,196,47.4885018
PS,22,0,GDKAHNNBKYNKHASTHTOSPQPS,6,437.384808948519,1087015.803223,30,203,44.8665222
YQ,15,1,YKKNBSYYAAGQNEBYQPFANFLQ,4,704.837765905335,947063073.5156,30,53,11.4066324
ON,23,1,PSGEDSEKSQDEPGBKLTLQEQDONTQBL,6,527.421333100782,359059847.375,40,80,13.5524568
QQ,7,1,AGKAHAKQQPSOTGDEFPOQDKLS,5,514.469569082465,52459209.61133,40,115,19.5055572
SP,15,0,PKTYYDFLLDODKLESPFHEGGHGLKPSN,5,664.532868808063,173660525.6797,50,224,36.430275
BY,16,1,YEFFNPQGTTBKOBTGBYNPEQSTTBHOA,4,798.388020062059,11611212.96875,20,142,27.2679702
SD,16,1,OTKGDAHQTHSHBAPGSDHDQQOT,4,643.051199247124,7099106.464844,20,137,29.916624
ST,12,0,GGKALOGLEHYPSTOHGDEONDHE,4,652.064982715667,46277752.89844,50,48,12.7423278
GG,24,0,GLEAAPFDLGPTBBETQEGDEPHKGGKYQ,5,609.493308607614,133266007.4414,50,284,45.7366158
SO,29,0,DQSGTTFYDDTOELHSKOFSQYTHSOITYSOE,6,624.79503046211,127325389.9883,40,94,18.3028218
BE,13,0,GLEAAPFDLGPTBBETQEGDEPHKGGKYQ,2,1522.222937334468,4978895.808594,30,270,42.5469918
DG,7,0,QOKADQADGGYPEYEOBBHLKASS,3,865.423384584785,6545196.59375,50,119,20.9890158
FK,23,0,KTYBLODNFKQASSGDNHNQNHKFKSKGQG,6,563.951299195098,94447972.70313,50,114,20.6024832
LL,21,1,FNNHDQYBTPSTDYTFLKAPQLLPSHDSY,6,565.102233886719,9174470.697266,30,331,53.6451528
LQ,21,1,STDAAPYSSEEPGPBASKKETLQKAESTG,5,591.286321412894,151666438.1914,30,34,6.6696834
GK,26,1,NDOLHYEDPYFLBDPQPFBDPLAQFSGKD,4,839.397167709512,343844181.5937,30,63,10.7771268
KQ,0,0,KQPPBHKKPALSOGESYPPOHPLPQLOSAY,5,659.968234578782,127531375.1406,20,106,21.5027394
GT,23,0,YYDDAQFOFSTALDLTYHBEHKFGTLTFY,3,1165.219230617588,28279761.625,40,61,12.824901
KT,11,0,OYKGQPKDGABKTAQONQTYAKPF,3,885.803351204483,3293429.71875,40,262,45.528627
KP,17,0,LDKFALTPFPKKAPSYPKPBFPPOYDGGG,4,784.671349691165,43603061.0625,50,118,19.4898522
YE,0,0,YEKAFNHNSDKHGNDNKPYPHDSY,6,480.38057751679,11543589.48779,20,271,54.4974312
GO,3,1,AYDGOBNHQHTGYPNOLGBBEGKYPNLHK,5,640.122215429421,18370738.58594,20,162,30.7770408
LA,16,0,QLKANHTQNOBLHGALLAFGDNFH,6,441.899444921429,86979713.41016,30,99,16.6166658
KA,2,0,TKKAGGDALTBHQLLDFNPFGHFY,4,666.585858512548,105968760.25,50,133,23.232747
EO,5,1,HYBTOEOTFNSBSBAALSGKDSASOOGNN,6,496.2490234375,44884868.52344,30,100,17.4504288
QP,3,0,ADGQPAKQAFANYYDPNEFHSNFDDKLDA,3,1096.821984700753,28319539.55469,50,205,37.710405
GK,25,0,BTDBNYDDSLGFYATPHPBDQAYGEGKLH,4,793.107261137486,9377079.765625,50,137,24.4819932
OY,24,1,KLYYTDHYQFTDPFHFDDHYFYFDOYKQF,4,976.941923262299,93338913.625,30,52,11.647632
KY,20,1,OBPGGBETNYHTFDKAAQYGKYBELBPHY,4,811.893220151632,19212274.77344,30,304,48.7054164
NT,17,1,YFONELBTBGNGAKEQHNTSONKNAFFEH,6,550.4365234375,38942758.30273,20,191,36.4312608
KH,19,1,KDLESABGDDTYEGDNBSOKHBTFYOESSB,6,545.419607216693,32870837.56641,20,197,37.3364838
DG,23,1,SSTKOGYEKEQFEAKSHEDYFHTDGHGSF,3,1121.501220703125,3446027.234375,30,138,24.3211692
LG,18,1,GELPITEKDFYOGYKIAALGTDLPPHOYOGT,6,568.970956733593,27535890.51025,30,347,60.308892
AQ,15,0,SHKSBQLBDODPLPBAQDDGNKOB,6,423.71800809811,1812079.50293,40,124,27.3857262
PB,11,1,KKSNKAQKYLKPBLLEQQFGQEAKNK,2,1516.856388128389,253012982.125,20,284,47.198805
OG,1,1,YOGQEPEGHYAOHHKYNGLTOOGB,4,675.836632299844,2711950.023437,40,330,59.4128988
LO,6,0,KLPKLLLOTYNBFHNLYQTQHDPA,4,714.391440395738,1755711.343506,30,3,0.9110019
LL,18,1,KLQSLEBKTEHPONYQNPLLAHSFHQQBLE,2,1758.414947823472,8353875.109375,30,134,21.910791
LK,7,1,PGNTPTOLKNFNFKHBPPABKQGOTYTYO,6,540.124140022871,331575567.4219,50,80,13.6710732
OL,3,1,ALLOLOOGPQLPETOFTPPPTPEQYNBYD,5,649.554443359375,16516455.5708,40,2,0.83192298
FN,1,1,OFNNLEFKOBSKABHTNOTDYABPFEGBA,4,797.655446366274,13442847.75,50,248,41.0708856
GQ,3,0,LAKGQBNQDEYOGSGODYNHTLFN,6,448.38309000071,32757641.13281,20,101,20.9123388
PB,5,1,KBSSBPBTXKYDHLPYGQEGTODHOBEYO,4,822.406360236463,11455604.08789,40,216,37.82016
BP,10,1,KYNYEQYTQLBPBNBNYSEHFYSPDLHGKK,3,1207.911936191893,85370644.94531,20,127,24.949305
TO,11,1,HHBNHNGSPEQTOAPYNQYYOKNGLLFNF,4,851.912558098888,35318590.00781,30,109,18.6079548
DB,6,0,GOQBDBDBDBDBDKDIIOASONLOPKDAQLS,5,652.738987574108,7614323.75293,40,210,56.5259958
LK,1,1,HLKAPOTNQGHGAATLYTTFHBFS,5,520.669272454833,13509868.60254,50,258,44.3209542
DD,2,0,YYDDAQFOFSTALDLTYHBEHKFGTLTFY,5,699.530511962362,10670887.49609,40,208,39.4839072
GT,29,0,GELPITEKDFYOGYKIAALGTDLPPHOYOGT,4,852.95119843226,9514442.833984,30,284,48.908736
BG,22,0,OGKHYPNTGNEHSNGALDQAELBG,3,837.062504464827,45394753.5,40,66,12.878157
SK,8,0,GKHPHDTFSKPQGQAEEDTKTTKOLKBYG,2,1614.825770641812,2193785.070312,20,140,26.1789534
OK,22,1,GKYNFYGEETGSLBGGEPSLDYOKKEOYN,3,1087.190650368142,3818953.28125,20,236,43.771242
ON,20,1,NLKALSLYGTSSBLYFAPSTONTP,3,849.113804531216,359111750.75,30,76,15.4936254
HH,0,0,HHGQDOLTNAFTHAANHEQAEEGP,4,657.050631497068,175225974.6484,20,36,11.273298
HH,23,1,KQQLGDNSFSLHNEYYSFTEGAPHHTQHND,4,876.143711540352,7444772.608398,40,321,56.4150768
OF,13,1,AEKANBGOKLAOFOFONBSSTLDT,3,848.129979130126,1790003.260742,20,306,57.5740068
KK,24,1,BKPKHKKKKKKKKKKKKKKKKKKKKKKKA,6,602.934228510802,275367896.3125,20,29,9.0290442
AB,3,0,KSKABTPKHTEFALKFDASALOTO,5,521.895184077161,4459333.657715,20,209,44.0785848
QK,24,1,KKADKASLQQOBYDTYQBLYKQQSQK,3,1026.212076283681,418760885.0938,20,304,50.4989712
FE,26,1,BFGBSFQYLAHKADYBNBEYSOLADYFEQ,6,561.597419481615,9032816.51123,50,2,0.73596906
DF,19,1,LHKPKKQSQDYLLFOTLGGDFQOO,3,935.849865292703,7423330.167969,20,141,27.2642088
DA,11,0,PFGARTPGPRADARADARADARADA,3,851.434273016126,12248997.08008,50,114,19.35945
PT,22,1,GQOAYNKLNKNESTYYPFALAOPTHETDNKL,5,711.965400517777,10144539.04443,30,315,57.7338054
SN,14,0,YYKASTBYKOHYTLSNKSABPEOD,6,461.901171042234,12731715.02393,30,227,40.0798332
TG,27,0,KNGTKTAHASTLNAAQFPOYOYEBNGLTGA,6,524.105959713543,292372364.9688,40,151,24.620196
BE,10,0,KLQLABTNOLBEGBHZKEFDBLGKBGKG,4,745.926849386644,7021542.726563,40,9,1.82891796
GN,7,1,HEKGAYFGNGGPKOSBBPTDHOQL,6,424.218592528052,10801911.66357,20,157,30.6989562
SO,16,0,AEEAYTPLHTHOLSNYSOAEBFFLFOOPN,4,835.924525798004,13321336.86719,30,319,52.722162
KK,0,0,KKSLPQFPKAEFKBLHDGBGQBHOLK,2,1453.320529906144,34967542.375,40,236,37.0761072
LA,8,1,BFGBSFQYLAHKADYBNBEYSOLADYFEQ,3,1122.187690977813,8369590.160156,20,193,36.0600522
NL,17,0,KTKPGLKFKOSSSPBDONLGESQD,6,430.39733430703,889217.3720703,20,97,22.4561862
PK,24,1,KTTEBEGNELQHPHLLONYNQLSEPKPSDG,5,675.937039438291,437710495.75,50,185,32.4084162
NF,4,0,LHDFNFFNFOGDSKHEASPEKLEGLNKHD,2,1693.811991864761,2108674.25,50,136,22.3842432
YG,27,0,GKHPHDTFSKPQGQAEEDTKTTKOLKBYG,5,646.533920765996,22179876.72656,30,254,41.579235
FY,6,1,DQSGTTFYDDTOELHSKOFSQYTHSOITYSOE,3,1248.583585475682,13375786.625,30,102,19.309365
AD,22,1,NSYHESOADBKNEYKESONONOADKEPTH,5,670.721472953881,5254964.646484,20,194,37.209528
PG,6,0,PFGARTPGPRADARADARADARADA,4,638.828042137905,7654899.666748,20,283,52.1090178
BA,17,0,AYKAFAAQNLOBANHYOBAOPQBD,3,865.113023214099,244117880.0938,40,54,10.033149
KG,2,0,QEKGTPBHGANHGFPKAYHAHKOY,3,892.447492816057,1146479.496094,50,298,56.1944412
KK,6,0,SNKGAPKKKSKYEBTANOYBGSBS,5,504.269228447741,1302649.944092,40,213,44.90445
DK,12,1,KQTTLKABBKYLDKSHKOHSHSGSHPEHO,6,547.795896371238,5589567.605469,20,168,35.2923792
DL,12,1,GFFFHYLTETYDDLFAKGTLLQBGFABTL,2,1644.325553991939,16391496.20313,20,124,25.1433
SH,26,1,BNKGLSPLBPHPPHEQNGQGDLDSKTSHG,2,1510.232386317833,9809835.828125,40,101,16.5344598
QI,14,0,GFNLGKEYANALISQIOKOOOKATDYLSOFS,6,575.656421167758,35626835.38672,20,247,47.124009
KA,4,0,KKQEKAKYQBKYGHSTQGBLPLYNAK,6,497.609198536695,675621726.75,50,214,34.164315
HY,9,0,GGKALOGLEHYPSTOHGDEONDHE,3,869.084690177447,1621379.734375,50,223,50.8534512
KD,13,1,EQSFQHGKAQKQKKDDYNINALAOILNASAE,3,1158.597417914401,13878858.76953,30,182,32.3426562
DP,19,1,NDOLHYEDPYFLBDPQPFBDPLAQFSGKD,6,559.933864207903,136854988.9063,20,31,9.2074218
YY,0,1,YYDDAQFOFSTALDLTYHBEHKFGTLTFY,6,583.110096258745,6985402.71875,40,185,34.7788428
DP,9,1,KLADOLHYEDPYFLBDPQPFBDPLAQFFT,5,683.542190152014,108522380.5039,30,189,32.9064048
FK,10,1,NGDNHNQNHKFKSKGKGPPGFTGHDQTSA,4,777.120918866582,11284487.18164,30,315,51.880689
GT,18,0,GAOFKYSYSHHHFGHOQLGTYGALLLPSDFG,5,687.94757698505,24762195.61133,40,225,39.893502
FN,13,1,KKPDKATLSDQBYFNOFNYODAFSDK,6,510.259297461304,1416324156.688,30,132,20.8707528
HL,10,1,GLKANQGYNQHLAFOHHDSDNAKE,4,677.827088412338,2852211.752441,30,131,25.5595032
NH,16,0,EOHDFGTPLFTHKIAYNHPANSTYTLEINNO,5,715.355307999196,5633700.395508,50,7,1.66926192
YN,5,1,GSKABYNGKDKLAFOBPYBOEYGE,3,875.112764953611,11331501.3125,30,75,15.1846212
FB,9,0,KYNHTGQKLFBQFDGXBGOOPXYHDHLG,3,1085.872008431418,8151218.664062,40,189,34.845843
LH,6,0,SEKSYBLHPAYDQTTYYSBELDPE,2,1404.630566953052,3118813.743652,20,72,16.6041102
LL,7,0,PKTYYDFLLDODKLESPFHEGGHGLKPSN,4,830.414720728352,28471299.39063,40,361,59.7868668
HF,21,1,QKKAKYSBTYTOFHETDKFHAHFT,4,729.619680971213,51610322.78906,20,63,15.1830282
AG,0,0,AGKAHAKQQPSOTGDEFPOQDKLS,6,428.89292805346,17965832.17871,20,165,32.179953
FD,24,1,YSBYPDNGPSKFYOLBPHGLNYQLFDYOK,6,571.953819040697,141381180.3359,50,197,32.490705
LN,20,0,GNNQSDTTPDYHSNSFELKTLNTKNAQFQKK,4,889.685531520537,5093616.128418,40,261,49.0270926
DO,8,0,SHKSBQLBDODPLPBAQDDGNKOB,5,508.260368305829,638053.9761963,40,196,44.4252672
GY,7,0,YKNPAHTGYPBOPFOGOEOYGSEHFYDKO,3,1120.885185304299,9870920.75,20,154,28.65219
PA,17,0,YPDSOKNBSFSKAKNOEPATGQBKGGGHL,4,755.393690088021,10127650.25,20,147,27.720243
SO,10,0,DGNKNHNKTESOQITTBBKKKQBDPDIDDOFD,4,905.198566001526,11140270.6875,40,87,24.90819
FY,4,1,GKYNFYGEETGSLBGGEPSLDYOKKEOYN,6,544.098138049639,19512069.54102,40,292,50.898759
KP,2,1,LHKPKKQSQDYLLFOTLGGDFQOO,3,935.85029546223,4437690.292969,20,290,53.1910812
KK,4,1,KQQTKKYDFDYETNBPSADLSFTBFNOPBB,6,574.617685900271,255736588.3203,50,102,18.2699532
EY,12,1,KHGQOPDESPGYEYKTBHQNTEPS,4,683.06887600182,18076953.08984,30,86,19.3869342
HK,7,0,KODKKAOHKSGFAHTOAPNOPSOYELNFY,5,664.959233471573,49498892.26563,50,108,19.2946188
DA,6,1,TKKAGGDALTBHQLLDFNPFGHFY,4,666.585960127436,28597220.82324,40,337,55.6462248
YP,4,1,QFKAYPNHQYTSHNSFQFFPPFPB,4,729.596870108098,51099671.11133,30,30,6.6655152
BL,13,1,KKSLPQFPKAEFKBLHDGBGQBHOLK,3,969.215875051351,298597845.6875,20,155,25.492977
AO,8,0,KGGQOYFOAOSHNHQTBPTNTFAG,3,864.433981969056,800924.3339844,50,290,59.2166316
PQ,12,0,OYFYFDOYKLADPQPYADPLGQBDPLYLS,2,1707.340250494772,3411562.695313,20,199,38.227035
TG,23,1,SHHLBYKOATLGYATDLYFPEGSTGBGTL,4,772.139687884578,35339697.99219,40,219,35.4542928
AQ,14,0,NFNLGSFFOOOKKEAQTGFESGEEPYBKB,4,817.914835895992,15717997.02344,20,267,46.859097
LY,19,0,DDKKSIKKTDDDEDYNYAYLYADDDEDEBDDE,3,1279.528198242188,2610597.796387,40,276,57.3419208
SQ,30,0,DTLALNFQHHYEGTHEFGQKGHOEHFEQEQSQ,4,956.43464224012,4938560.495605,30,139,28.5446922
GO,2,0,EGGOYNISDFGSOKFEPESHPOASLFEININ,4,860.922578387317,3934466.04541,20,237,45.5185566
NP,11,1,YHKAGPTLDYTNPATOLONTLFQT,5,539.680560359995,25982328.91797,20,133,27.6696312
BB,18,1,AYDGOBNHQHTGYPNOLGBBEGKYPNLHK,5,640.122018537252,17700270.45313,20,167,31.648392
SQ,15,0,FTTNOFGHQFEGPPKSQOPHHYLTKBOGT,5,657.739491243123,11851854.43359,50,281,48.538653
TD,20,1,ENYSGQPHNDDFGAPSYLHNTDSIQLQOTSL,4,866.400175680469,110274710.0791,20,73,18.3387174
PP,11,0,BNKGLSPLBPHPPHEQNGQGDLDSKTSHG,4,755.619122412217,9709026.992187,50,300,50.179467
KK,1,1,SKKSPSOAOSYQHSTANLKKGKHB,5,520.490626702401,3843042.377441,40,215,42.1309608
EH,0,0,EHQENAHFYLPGHYKHGASLSDTOHFPNOYI,4,910.186327322542,44676011.05859,20,65,15.364998
QN,15,1,BSNSBLSKEEOGYBPQNBQPOFTDENLFT,4,805.138636368826,15814006.41797,30,243,39.5577078
LB,5,0,SSKPBLBBEHDLSKPGQBADQKAF,5,506.266133602067,27595684.95313,50,136,23.0343342
GS,22,0,HPKAFDAGPOYBQDPANKPGFAGS,5,495.246933583786,2648703.610107,20,282,57.473994
GQ,2,1,HHGQDOLTNAFTHAANHEQAEEGP,4,657.051323758093,3636520.583984,30,208,40.782096
AG,19,1,LLKQTAHGOPDKDELFLLEAGPFO,6,445.414132918875,20955306.5,20,160,29.5715802
OT,20,1,KKTTKAHGLKFTFBQBBSNAOTGAQK,6,461.595976282607,21967518.06836,40,32,6.113334
SL,12,1,GHKOKFLHDPLASLEFOLOATNEF,6,460.253751823839,214016889.8047,30,49,9.6582318
OL,6,1,LKYBFAOLOFYKLNHTBABHBGFTBHHFL,6,561.474893314846,25758693.29687,20,298,51.462516
EQ,7,1,KEKAQOPEQFAEYEQGPTYEBOSQ,5,561.073745665817,8003408.629883,30,227,43.3150518
PS,23,1,KKDDKYTTLNHQLHLHFFPLGBYPSK,2,1557.323649469299,250978303.6875,50,248,39.1177812
TT,1,1,FTTNOFGHQFEGPPKSQOPHHYLTKBOGT,3,1095.559361609194,95732263.0,50,79,13.5669408
LO,7,0,QBKSBHYLOGNSELSKFFEFHDDS,6,467.72621042984,2098640.338379,40,162,44.0895612
TL,19,0,GNNQSDTTPDYHSNSFELKTLNTKNAQFQKK,4,889.685217473758,3414097.104004,20,289,56.091774
AA,6,1,DLNOOYAANYPHYLLAPIOAAIDAYNOPOOLH,5,720.388848481821,17913279.74414,40,164,30.0779562
AD,12,1,BFGBSFQYLAHKADYBNBEYSOLADYFEQ,6,561.596846115229,54429124.9082,30,160,27.4164042
II,19,0,DEDDDEBDKKSPDDYHDDQIINLANKLAFSQI,3,1231.561553862644,8322296.875,40,54,16.8660228
PQ,4,1,KKSLPQFPKAEFKBLHDGBGQBHOLK,3,969.215428020572,309088785.625,30,112,17.6263392
BG,16,0,AHKHYBLTPPDSKFBYBGLFBPTQ,4,673.601059790803,1457368.433594,40,323,58.5400302
GQ,2,1,HHGQDOLTNAFTHAANHEQAEEGP,4,657.050738670427,11843318.08105,20,113,25.8492738
AY,17,0,DDKKSIKKTDDDEDYNYAYLYADDDEDEBDDE,3,1279.530517578125,9579171.8125,40,33,7.9434342
FQ,3,1,KAAFQEHEOBFENEKSFDLNHKAD,5,567.675550468341,24942604.30078,40,151,26.0639274
KA,13,1,KKAKPKNKKKOKAKAQKQKQKKKANBLPY,4,845.539550736498,20108722.41406,20,181,33.2733612
FE,4,0,GSNTFEDDFFYEGBSAHYTYSLEHDOHBB,5,668.890230998483,160148333.6406,40,102,17.2830858
SD,15,0,YLKGNOHQLDHLBBYSDNSFYGEF,3,945.111132096967,4666439.074219,50,291,54.890703
ED,8,1,PBTBOLEKEDSOBSLGQFOKYNHEDEGTK,6,542.943367060266,20815663.21094,20,135,26.7754068
GH,19,1,PKEEKHELNFGFQBHSANPGHBYKSGTOB,3,1071.1964491525,14218066.75,20,143,26.7397866
SP,6,0,PLKAGYSPLLNPTHKTQKAPHDGT,4,643.599498022106,2255169.604614,50,4,0.9814989
QP,1,1,KQPPBHKKPALSOGESYPPOHPLPQLOSAY,2,1648.409736943571,28893210.90625,30,125,20.6701302
OY,12,0,EELNESOGKQGHOYAGLKHAQYNDTYKPGYO,3,1180.580204573518,2501892.116211,50,177,32.9478858
OK,20,0,KTBFSHDKGKSKYFGKNKHYOKBGKATAT,5,649.556480447629,2544273.542969,50,258,51.359205
BO,9,0,LTKASGSAEBOLSOQHFDPAAQAY,6,418.550413013703,1726281.506836,20,300,52.423725
LB,26,1,BBKSTTYTHNHFHBYKSATEHYQFATLBS,3,1115.198940222451,11408290.125,30,292,47.360508
OK,11,0,KLDLPSYEYQBOKABNAOASFHHDHQEYDA,5,696.340680839362,6559874.765137,50,2,0.8221092
HD,20,1,PLKAGYSPLLNPTHKTQKAPHDGT,4,643.59818774448,25328891.45508,30,153,25.096227
BY,11,1,KKPDKATLSDQBYFNOFNYODAFSDK,2,1528.762808860526,136929436.3125,20,151,27.0077112
ST,9,1,YYDDAQFOFSTALDLTYHBEHKFGTLTFY,4,874.160827636719,17517315.4375,20,81,17.9840922
KA,2,1,NGKAFQNKAYOGGHABSQDQTBLH,4,640.319961665075,64087370.82813,40,50,9.6988542
KS,0,0,KSKABTPKHTEFALKFDASALOTO,4,652.116947313934,5209534.608398,30,186,36.7601082
QB,11,0,FOEKBSQKBYFQBSBBDEPDNBATATOHN,4,801.144470214844,2729065.96875,30,43,12.2263452
PQ,8,0,STKABDFYPQGTATSDAAEFGYED,2,1279.054460101322,312584393.4766,50,210,41.7166968
HP,0,1,HPYDBOENNHAHGDKBEYPHBKFHQPKOQ,6,574.113929025874,47228851.88281,50,129,22.2659178
OT,26,1,HAYBGTKNESOKDQAYDBHSQPASQSOTG,6,518.747956184891,177846043.5703,40,109,18.1910622
YO,27,1,QTKKKKAKELBYQTNLTKOAHSSQGFPYO,6,557.309758614801,16717689.97656,40,154,30.107496
BS,16,0,KDLESABGDDTYEGDNBSOKHBTFYOESSB,2,1634.24544881093,2071750.226563,40,258,44.643453
QK,22,0,QESKTQTBGONBHNANNDNKNGQKTONYO,3,1073.856558555077,8176827.375,50,15,7.2074706
KQ,14,0,DHDQIDEDEEEDDKKQYDDEFDDDEDEDEDEB,5,790.689819335938,1256084.807617,30,209,55.7544528
BP,10,0,KYNYEQYTQLBPBNBNYSEHFYSPDLHGKK,2,1811.367424964684,2320665.230469,20,259,45.7924752
BL,20,1,SAKASFNKEKKLNDAFTHEDBLNH,5,546.877787931506,6459864.338379,40,205,38.3815992
FT,20,1,NGDNHNQNHKFKSKGKGPPGFTGHDQTSA,4,777.119286117487,12091692.60547,20,290,51.1652598
BN,6,0,GBKQHEBNQSQHLLBOBFGKOPKL,6,444.418626077702,1751705.725098,50,178,35.3648652
NE,16,0,ADGQPAKQAFANYYDPNEFHSNFDDKLDA,2,1644.73012088435,2365498.671875,30,290,51.9901248
TY,7,1,OQODLPBTYGTSDGSNPLGAFSTDGTBGO,5,575.279137945175,22713552.21094,20,267,48.019647
KE,18,0,STDAAPYSSEEPGPBASKKETLQKAESTG,3,984.804480328618,217226436.3125,50,48,8.7914202
OL,20,0,FTBHGOGNQQHDLHBPYGNDOLPYHPTHS,5,654.712365556904,12098667.73242,50,13,2.5687971
LS,16,0,HYBTOEOTFNSBSBAALSGKDSASOOGNN,4,743.868832502579,12245523.85938,50,122,21.4276092
LA,13,1,GAKGKOLQQYGTKLASELLEKQNK,3,882.836125955326,3346399.984375,20,287,54.693813
SA,28,0,EQSFQHGKAQKQKKDDYNINALAOILNASAE,6,579.802115250924,65257922.5957,50,213,38.104161
SY,0,0,SYAEKEBQHALOBHPOSNQKQFOQYYNQK,5,696.955730393471,3975969.266602,30,203,38.517798
EA,14,0,HKKAYKASPBYLOBEAQGQQOHTD,4,675.854287683854,1106347.892578,30,135,37.0448382
OH,19,0,KQPPBHKKPALSOGESYPPOHPLPQLOSAY,5,659.968818342154,48401599.49414,40,249,40.906026
QA,20,1,BTDBNYDDSLGFYATPHPBDQAYGEGKLH,3,1057.141328972695,6748322.0625,30,114,20.0563068
AF,14,0,KYOGDAGKENNYEOAFHNPSAYLTSKBLFQ,3,1136.233220893373,5976096.8125,50,241,43.7387934
YK,1,1,KYKSFOKHHQHPQPEALQFTYQOG,2,1464.25660851584,4963660.75,50,45,10.6204788
DD,25,0,DYDBDBDBDBDBDDDDGDEDHKKQYDDGIEBD,5,719.478698730469,2859461.217285,40,258,58.4979462
OP,24,0,NYAEQGYYYFHYPPEDHGQOLFGYOPONK,4,885.665257812193,8169293.435547,50,312,55.4195862
HY,20,1,FTTNOFGHQFEGPPKSQOPHHYLTKBOGT,6,548.283508007527,344287272.7656,20,34,9.94035
SK,1,1,OSKSATQGGOFQHTGHEPFGOPAS,4,618.309233940707,6013314.445313,20,243,44.837982
PK,5,0,OYKGQPKDGABKTAQONQTYAKPF,6,443.405152655139,341666901.9844,20,31,10.3898478
QS,22,1,QLLOTDSOTEOYEEYHYBHELSQSPYOKP,6,584.123379809968,11363573.10938,20,191,37.4990982
GD,0,0,GDKAHNNBKYNKHASTHTOSPQPS,6,437.384614941839,924450.5323486,30,247,58.6900854
OF,28,1,GFNLGKEYANALISQIOKOOOKATDYLSOFS,3,1150.308967203716,1822376.703125,30,4,0.98692512
DP,11,1,SQKAOHYNADNDPLLDQDANSHTD,3,895.070471457151,13509381.4375,30,95,20.059239
FF,26,1,KLADOLHYEDPYFLBDPQPFBDPLAQFFT,5,683.542021438036,52962600.70703,40,306,54.0839358
LT,8,1,YGKAHAHYLTYAFYPGOOBYFYKK,3,968.160680193934,5363050.317383,40,199,34.2570378
DE,1,1,LDEGGOGFSYKQKNEHLPKBPNSFKOYGN,3,1090.218630773303,2472163.734375,30,275,49.723758
LF,13,1,GFFFHYLTETYDDLFAKGTLLQBGFABTL,5,658.334358661499,806993687.8438,20,32,9.7273188
KN,23,1,BNSBYAFGBEFYFGAYHLHDYFSKNKGQG,5,661.906359702549,41486088.55469,30,170,28.0913418
PE,19,1,YEFFNPQGTTBKOBTGBYNPEQSTTBHOA,4,798.388404543663,2940680.769531,30,14,2.67842004
AD,19,0,NSKBGSGKLAHYLNLEETDADHOK,4,657.584614918065,1330644.367798,40,25,4.83339876
QN,22,0,OAKANHFSAAHHGFYHHSYPQBQN,4,688.075379753878,8711237.304688,50,189,32.8013238
KQ,13,1,NFKPTEGGLQSPNKQGHBGSTLFL,3,848.438103693828,21253763.66602,30,227,40.3564722
LY,22,1,KKPQKAYDYOQETTPKANFONSLYAK,2,1531.312230972799,174282145.5937,40,147,23.364627
PO,0,0,POGFNSKHDGOTGHPKDSEKOTAKONFLK,5,640.145356879244,24638052.01562,40,86,16.558782
FO,21,0,SYAEKEBQHALOBHPOSNQKQFOQYYNQK,4,870.94309350041,1951283.829102,40,232,45.3965838
AT,17,1,PTPTTDDDFHLANGHHDATFSSFDGFOEQ,5,644.883581884709,98077426.73438,30,46,9.9915342
FE,9,1,FTTNOFGHQFEGPPKSQOPHHYLTKBOGT,4,821.922790527344,5499824.701172,30,315,53.5099482
SL,26,0,ADBDHDEFYLEHFKTYSHAANNTKFLSLP,4,849.90355946803,61309680.08594,40,262,42.015549
KS,17,0,LPKGQEPPQNYKQONQBKSLGDTA,6,441.067301320789,4547816.280762,40,227,38.1044598
EF,1,1,HEFAKAAKDOBDBDDDDAGOLPPPHYKKKSL,5,682.553057038523,2885170.227051,50,199,40.737315
HO,14,0,PDKATNYGBPLDFSHOBPNBNHDK,6,440.718358320322,4587866.456055,40,178,36.110181
HH,12,1,YOGQEPEGHYAOHHKYNGLTOOGB,6,450.89354991855,13541726.03955,20,217,42.112542
BQ,3,1,AGQBQPBNBYBTBPBLBBPSYDSNBQPQH,5,604.09529450074,28567350.95313,30,160,26.4440112
DD,9,0,ENYSGQPHNDDFGAPSYLHNTDSIQLQOTSL,3,1154.866826850353,5764459.775391,20,164,37.361838
TY,8,0,YFOSEPGSTYEFLBGKOKHOFLSQOKSPB,3,1102.585516012177,14659374.91406,30,209,33.4782312
DG,27,0,YAQKTYNYKNSPDYTSSFGAAPTFBAADG,2,1561.210382123709,2484263.625,40,325,57.8916642
TT,21,0,EFOQNNGFADDQASGTOLQAATTYSLYPOGL,5,665.126414493802,23189982.48047,50,84,17.4118404
DL,21,1,GELPITEKDFYOGYKIAALGTDLPPHOYOGT,5,682.562175422974,28281865.22461,40,247,42.9401676
ON,12,1,KLQSLEBKTEHPONYQNPLLAHSFHQQBLE,4,879.709855807844,37074174.26563,30,270,43.9086966
DQ,9,1,NHKGGGFLDDQHFFKDKOLAASSL,2,1323.675638337995,2584227.013672,20,140,26.2251762
YK,21,1,YGKAHAHYLTYAFYPGOOBYFYKK,6,484.584193243653,76043125.23828,30,127,21.2439582
HF,24,0,DTLALNFQHHYEGTHEFGQKGHOEHFEQEQSQ,5,765.349783844402,1466070.197266,30,9,2.46093102
AP,18,1,FNNHDQYBTPSTDYTFLKAPQLLPSHDSY,3,1129.195214420661,33147805.5,20,213,37.8407322
BF,2,0,KTBFSHDKGKSKYFGKNKHYOKBGKATAT,6,541.465522824019,1496948.878418,50,13,5.22442506
AN,10,0,QSKASTDPTFANTYKNSBEBNPDQ,3,872.403537861374,5298118.677734,50,213,40.7742468
PS,18,0,HDKQNHFILKSNHENTNSPSLTFKSLABDDG,4,870.930136572474,1810287.590332,40,22,4.9812159
TN,10,0,YHKAGPTLDYTNPATOLONTLFQT,5,539.681568409767,4226483.017944,40,23,5.19354696
EQ,24,1,ESLDPYSKFGLALQFTQNSNLFAYEQGGKPE,3,1160.231349298782,2660873.677246,20,176,46.303923
HH,9,0,GAOFKYSYSHHHFGHOQLGTYGALLLPSDFG,3,1145.908667155975,5905896.966797,50,188,33.2148792
ES,2,1,EPESDEITGNOQIQYOFIGOTNGTSLHLSPS,4,844.922528835485,18430195.09082,50,145,29.4604116
DO,9,0,PKTYYDFLLDODKLESPFHEGGHGLKPSN,3,1106.884856249823,18234083.75,50,286,46.631025
AE,23,0,GYDOGHEALNYKPLADQLYFFGGAEDALSPG,3,1110.533410942983,18794107.20215,50,138,30.705285
NA,26,1,EQSFQHGKAQKQKKDDYNINALAOILNASAE,3,1158.596718026884,8162857.478516,40,263,46.7799168
DG,29,0,DOGDGDEDHDHDYDHDDDHBDBDBDDDDEDGE,6,603.539916992188,2175604.206299,30,5,1.60837788
BP,10,1,KYNYEQYTQLBPBNBNYSEHFYSPDLHGKK,5,725.149223460916,257111955.75,30,67,11.5455084
GS,6,0,YFOSEPGSTYEFLBGKOKHOFLSQOKSPB,6,551.796686920387,64629048.81641,40,324,52.6255422
BP,15,0,PGNTPTOLKNFNFKHBPPABKQGOTYTYO,5,647.947183846746,13171747.30859,50,247,41.0462646
YB,25,1,OSPEBOFSSGANTOGBFENNPFEGGYBTN,4,756.601737085504,19161578.5625,20,101,20.4496668
DK,1,1,HDKQNHFILKSNHENTNSPSLTFKSLABDDG,5,696.944833202875,16157994.83008,20,152,33.450771
LA,9,1,OYFYFDOYKLADPQPYADPLGQBDPLYLS,4,854.172133194028,87648650.10156,20,131,26.7711618
PB,17,0,BTDBNYDDSLGFYATPHPBDQAYGEGKLH,4,793.10724828386,7066175.550781,50,177,31.5408642
BS,18,1,GHLBOQLPLPAOFPLDPHBSHTEPKSQAN,5,627.135386816522,72630006.33594,20,148,27.6236982
DY,12,1,FNNHDQYBTPSTDYTFLKAPQLLPSHDSY,2,1693.290263561808,91589593.46875,30,56,10.208337
EO,11,1,PGKATSGGLKOEOLFHBFPGBHPP,6,413.229771219998,200802794.6641,20,43,12.2511168
DN,5,1,KQQLGDNSFSLHNEYYSFTEGAPHHTQHND,3,1167.85687416803,8305351.919922,20,243,45.4998468
AO,5,0,LKYBFAOLOFYKLNHTBABHBGFTBHHFL,2,1682.410192646951,56062955.375,50,54,9.23994
NY,24,1,GPPFSHBGELSEAHASBFKPPEKENYABL,3,1033.177480404478,8157355.161133,30,4,0.86766882
YB,25,1,NFNLGSFFOOOKKEAQTGFESGEEPYBKB,4,817.914729945583,29853483.94531,30,200,32.253393
GE,10,1,KLDKYDEYLNGELFDNTKEYKDFTQFNYAL,5,745.760613960841,4895929.0,20,199,45.2628732
LK,0,0,LKGQOYYOAKBFGKTPSPDOBOSS,3,868.137234255877,5194849.5,30,101,18.0263652
QA,20,0,BTDBNYDDSLGFYATPHPBDQAYGEGKLH,6,529.073877706372,9685371.75,50,259,46.3073184
FG,5,0,FTTNOFGHQFEGPPKSQOPHHYLTKBOGT,3,1095.55993427091,3723463.689453,20,328,59.1145542
OO,18,0,GFNLGKEYANALISQIOKOOOKATDYLSOFS,6,575.657030277447,27803763.78906,40,309,55.632615
KL,26,1,BTDBNYDDSLGFYATPHPBDQAYGEGKLH,4,793.107499523993,2454699.667969,50,316,56.6725992
ON,26,1,NYAEQGYYYFHYPPEDHGQOLFGYOPONK,3,1180.5526076184,6533094.828125,30,292,51.1084098
NK,8,1,GQOAYNKLNKNESTYYPFALAOPTHETDNKL,6,593.471143408955,574542557.418,30,62,12.377406
YN,24,0,DLNOOYAANYPHYLLAPIOAAIDAYNOPOOLH,5,720.389164692485,3175496.036133,50,7,1.66099998
KK,8,1,DEDDDEBDKKSPDDYHDDQIINLANKLAFSQI,4,923.927730188063,26745553.83594,30,108,20.996469
GB,21,0,AKKAODKQNDOGSQOFNFAAYGBK,6,436.898892993455,1688480.49292,50,129,27.4808688
NH,6,1,AYDGOBNHQHTGYPNOLGBBEGKYPNLHK,3,1066.198398509365,37108799.60938,50,88,15.332514
TE,14,0,YEYLTTKDFYKNDQTENYQQOAETLLDQD,5,718.933076490857,6283659.666992,30,279,55.6112664
AK,3,1,OLKAKDQNTGEPLKQDFPBTKFQS,5,544.89183339238,427632881.1406,40,50,9.1249752
DG,7,1,QOKADQADGGYPEYEOBBHLKASS,4,649.319432275523,8552579.675781,20,165,32.135991
DH,2,0,KBDHODNHPLAANQTBBKFQBNOFSHHNFH,5,692.144309497474,1470312.046875,30,211,42.6642498
SK,8,1,GKHPHDTFSKPQGQAEEDTKTTKOLKBYG,6,538.946004008539,187039554.1719,30,104,17.3325708
QL,8,0,AHKHQKLNQLBPBADYBGBTKGSS,6,421.555273704453,8127563.140625,40,92,18.5619252
DH,11,0,KBSSBPBTXKYDHLPYGQEGTODHOBEYO,2,1643.805458700854,1813186.292969,50,173,30.36999
SA,16,1,KQQTKKYDFDYETNBPSADLSFTBFNOPBB,4,861.423729345749,10508747.2793,30,306,52.7437506
OA,16,0,SGKHLNKPLKAEKBSYOAEBNDPO,5,526.087135080172,1749596.41748,30,120,29.2177338
KE,18,0,STDAAPYSSEEPGPBASKKETLQKAESTG,3,984.804962859233,17600468.25,40,247,41.603433
BN,25,0,KBYKNOFGGEEQPLBALAQKKGPKPBNKHH,3,1106.274971221896,4075893.205078,30,158,38.6371302
AK,6,0,BYQYHKAKNKYSOGTSOGEQOLYFQOBTF,5,684.152830460326,1992077.257812,20,175,37.321029
TL,23,0,YEYLTTKDFYKNDQTENYQQOAETLLDQD,3,1197.549109885289,13658362.625,30,116,22.7999922
SN,14,0,HELDBPSOPOADBTSNTFHBEOKYQQDST,3,1083.182133276177,10472339.125,20,125,24.0480282
