bond_aa,bond_pos,bond_label,seq,charge,pep_mass,intensity,nce,scan_num,rt,true,pred
DI,0,0,DIQNFOGNTYNBDSNYNSLILNFQENDDGEQT,4,921.405676015737,14230274.77148,20,13,7.6711368,0,1
IQ,1,0,DIQNFOGNTYNBDSNYNSLILNFQENDDGEQT,4,921.405676015737,14230274.77148,20,13,7.6711368,0,1
QN,2,1,DIQNFOGNTYNBDSNYNSLILNFQENDDGEQT,4,921.405676015737,14230274.77148,20,13,7.6711368,1,1
NF,3,1,DIQNFOGNTYNBDSNYNSLILNFQENDDGEQT,4,921.405676015737,14230274.77148,20,13,7.6711368,1,1
FO,4,1,DIQNFOGNTYNBDSNYNSLILNFQENDDGEQT,4,921.405676015737,14230274.77148,20,13,7.6711368,1,1
OG,5,1,DIQNFOGNTYNBDSNYNSLILNFQENDDGEQT,4,921.405676015737,14230274.77148,20,13,7.6711368,1,1
GN,6,0,DIQNFOGNTYNBDSNYNSLILNFQENDDGEQT,4,921.405676015737,14230274.77148,20,13,7.6711368,0,1
NT,7,1,DIQNFOGNTYNBDSNYNSLILNFQENDDGEQT,4,921.405676015737,14230274.77148,20,13,7.6711368,1,1
TY,8,1,DIQNFOGNTYNBDSNYNSLILNFQENDDGEQT,4,921.405676015737,14230274.77148,20,13,7.6711368,1,1
YN,9,1,DIQNFOGNTYNBDSNYNSLILNFQENDDGEQT,4,921.405676015737,14230274.77148,20,13,7.6711368,1,1
NB,10,1,DIQNFOGNTYNBDSNYNSLILNFQENDDGEQT,4,921.405676015737,14230274.77148,20,13,7.6711368,1,1
BD,11,0,DIQNFOGNTYNBDSNYNSLILNFQENDDGEQT,4,921.405676015737,14230274.77148,20,13,7.6711368,0,1
DS,12,1,DIQNFOGNTYNBDSNYNSLILNFQENDDGEQT,4,921.405676015737,14230274.77148,20,13,7.6711368,1,1
SN,13,1,DIQNFOGNTYNBDSNYNSLILNFQENDDGEQT,4,921.405676015737,14230274.77148,20,13,7.6711368,1,1
NY,14,1,DIQNFOGNTYNBDSNYNSLILNFQENDDGEQT,4,921.405676015737,14230274.77148,20,13,7.6711368,1,1
YN,15,1,DIQNFOGNTYNBDSNYNSLILNFQENDDGEQT,4,921.405676015737,14230274.77148,20,13,7.6711368,1,1
NS,16,1,DIQNFOGNTYNBDSNYNSLILNFQENDDGEQT,4,921.405676015737,14230274.77148,20,13,7.6711368,1,1
SL,17,1,DIQNFOGNTYNBDSNYNSLILNFQENDDGEQT,4,921.405676015737,14230274.77148,20,13,7.6711368,1,1
LI,18,1,DIQNFOGNTYNBDSNYNSLILNFQENDDGEQT,4,921.405676015737,14230274.77148,20,13,7.6711368,1,1
IL,19,1,DIQNFOGNTYNBDSNYNSLILNFQENDDGEQT,4,921.405676015737,14230274.77148,20,13,7.6711368,1,1
LN,20,1,DIQNFOGNTYNBDSNYNSLILNFQENDDGEQT,4,921.405676015737,14230274.77148,20,13,7.6711368,1,1
NF,21,1,DIQNFOGNTYNBDSNYNSLILNFQENDDGEQT,4,921.405676015737,14230274.77148,20,13,7.6711368,1,1
FQ,22,1,DIQNFOGNTYNBDSNYNSLILNFQENDDGEQT,4,921.405676015737,14230274.77148,20,13,7.6711368,1,1
QE,23,1,DIQNFOGNTYNBDSNYNSLILNFQENDDGEQT,4,921.405676015737,14230274.77148,20,13,7.6711368,1,1
EN,24,1,DIQNFOGNTYNBDSNYNSLILNFQENDDGEQT,4,921.405676015737,14230274.77148,20,13,7.6711368,1,1
ND,25,1,DIQNFOGNTYNBDSNYNSLILNFQENDDGEQT,4,921.405676015737,14230274.77148,20,13,7.6711368,1,1
DD,26,1,DIQNFOGNTYNBDSNYNSLILNFQENDDGEQT,4,921.405676015737,14230274.77148,20,13,7.6711368,1,1
DG,27,1,DIQNFOGNTYNBDSNYNSLILNFQENDDGEQT,4,921.405676015737,14230274.77148,20,13,7.6711368,1,1
GE,28,1,DIQNFOGNTYNBDSNYNSLILNFQENDDGEQT,4,921.405676015737,14230274.77148,20,13,7.6711368,1,1
EQ,29,0,DIQNFOGNTYNBDSNYNSLILNFQENDDGEQT,4,921.405676015737,14230274.77148,20,13,7.6711368,0,1
QT,30,0,DIQNFOGNTYNBDSNYNSLILNFQENDDGEQT,4,921.405676015737,14230274.77148,20,13,7.6711368,0,1
DI,0,0,DIQNFOGNTYNBDSNYNSLILNFQENDDGEQT,3,1228.206314413595,13762746.42578,20,14,7.7801058,0,1
IQ,1,1,DIQNFOGNTYNBDSNYNSLILNFQENDDGEQT,3,1228.206314413595,13762746.42578,20,14,7.7801058,1,1
QN,2,1,DIQNFOGNTYNBDSNYNSLILNFQENDDGEQT,3,1228.206314413595,13762746.42578,20,14,7.7801058,1,1
NF,3,1,DIQNFOGNTYNBDSNYNSLILNFQENDDGEQT,3,1228.206314413595,13762746.42578,20,14,7.7801058,1,1
FO,4,1,DIQNFOGNTYNBDSNYNSLILNFQENDDGEQT,3,1228.206314413595,13762746.42578,20,14,7.7801058,1,1
OG,5,1,DIQNFOGNTYNBDSNYNSLILNFQENDDGEQT,3,1228.206314413595,13762746.42578,20,14,7.7801058,1,1
GN,6,1,DIQNFOGNTYNBDSNYNSLILNFQENDDGEQT,3,1228.206314413595,13762746.42578,20,14,7.7801058,1,1
NT,7,1,DIQNFOGNTYNBDSNYNSLILNFQENDDGEQT,3,1228.206314413595,13762746.42578,20,14,7.7801058,1,1
TY,8,1,DIQNFOGNTYNBDSNYNSLILNFQENDDGEQT,3,1228.206314413595,13762746.42578,20,14,7.7801058,1,1
YN,9,1,DIQNFOGNTYNBDSNYNSLILNFQENDDGEQT,3,1228.206314413595,13762746.42578,20,14,7.7801058,1,1
NB,10,1,DIQNFOGNTYNBDSNYNSLILNFQENDDGEQT,3,1228.206314413595,13762746.42578,20,14,7.7801058,1,1
BD,11,0,DIQNFOGNTYNBDSNYNSLILNFQENDDGEQT,3,1228.206314413595,13762746.42578,20,14,7.7801058,0,1
DS,12,1,DIQNFOGNTYNBDSNYNSLILNFQENDDGEQT,3,1228.206314413595,13762746.42578,20,14,7.7801058,1,1
SN,13,1,DIQNFOGNTYNBDSNYNSLILNFQENDDGEQT,3,1228.206314413595,13762746.42578,20,14,7.7801058,1,1
NY,14,1,DIQNFOGNTYNBDSNYNSLILNFQENDDGEQT,3,1228.206314413595,13762746.42578,20,14,7.7801058,1,1
YN,15,1,DIQNFOGNTYNBDSNYNSLILNFQENDDGEQT,3,1228.206314413595,13762746.42578,20,14,7.7801058,1,1
NS,16,1,DIQNFOGNTYNBDSNYNSLILNFQENDDGEQT,3,1228.206314413595,13762746.42578,20,14,7.7801058,1,1
SL,17,1,DIQNFOGNTYNBDSNYNSLILNFQENDDGEQT,3,1228.206314413595,13762746.42578,20,14,7.7801058,1,1
LI,18,1,DIQNFOGNTYNBDSNYNSLILNFQENDDGEQT,3,1228.206314413595,13762746.42578,20,14,7.7801058,1,1
IL,19,1,DIQNFOGNTYNBDSNYNSLILNFQENDDGEQT,3,1228.206314413595,13762746.42578,20,14,7.7801058,1,1
LN,20,1,DIQNFOGNTYNBDSNYNSLILNFQENDDGEQT,3,1228.206314413595,13762746.42578,20,14,7.7801058,1,1
NF,21,1,DIQNFOGNTYNBDSNYNSLILNFQENDDGEQT,3,1228.206314413595,13762746.42578,20,14,7.7801058,1,1
FQ,22,1,DIQNFOGNTYNBDSNYNSLILNFQENDDGEQT,3,1228.206314413595,13762746.42578,20,14,7.7801058,1,1
QE,23,1,DIQNFOGNTYNBDSNYNSLILNFQENDDGEQT,3,1228.206314413595,13762746.42578,20,14,7.7801058,1,1
EN,24,1,DIQNFOGNTYNBDSNYNSLILNFQENDDGEQT,3,1228.206314413595,13762746.42578,20,14,7.7801058,1,1
ND,25,1,DIQNFOGNTYNBDSNYNSLILNFQENDDGEQT,3,1228.206314413595,13762746.42578,20,14,7.7801058,1,1
DD,26,1,DIQNFOGNTYNBDSNYNSLILNFQENDDGEQT,3,1228.206314413595,13762746.42578,20,14,7.7801058,1,1
DG,27,1,DIQNFOGNTYNBDSNYNSLILNFQENDDGEQT,3,1228.206314413595,13762746.42578,20,14,7.7801058,1,1
GE,28,1,DIQNFOGNTYNBDSNYNSLILNFQENDDGEQT,3,1228.206314413595,13762746.42578,20,14,7.7801058,1,1
EQ,29,1,DIQNFOGNTYNBDSNYNSLILNFQENDDGEQT,3,1228.206314413595,13762746.42578,20,14,7.7801058,1,1
QT,30,0,DIQNFOGNTYNBDSNYNSLILNFQENDDGEQT,3,1228.206314413595,13762746.42578,20,14,7.7801058,0,1
DI,0,0,DIQNFOGNTYNBDSNYNSLILNFQENDDGEQT,3,1228.206314413595,22965906.40625,20,16,8.4161262,0,1
IQ,1,1,DIQNFOGNTYNBDSNYNSLILNFQENDDGEQT,3,1228.206314413595,22965906.40625,20,16,8.4161262,1,1
QN,2,1,DIQNFOGNTYNBDSNYNSLILNFQENDDGEQT,3,1228.206314413595,22965906.40625,20,16,8.4161262,1,1
NF,3,1,DIQNFOGNTYNBDSNYNSLILNFQENDDGEQT,3,1228.206314413595,22965906.40625,20,16,8.4161262,1,1
FO,4,1,DIQNFOGNTYNBDSNYNSLILNFQENDDGEQT,3,1228.206314413595,22965906.40625,20,16,8.4161262,1,1
OG,5,1,DIQNFOGNTYNBDSNYNSLILNFQENDDGEQT,3,1228.206314413595,22965906.40625,20,16,8.4161262,1,1
GN,6,1,DIQNFOGNTYNBDSNYNSLILNFQENDDGEQT,3,1228.206314413595,22965906.40625,20,16,8.4161262,1,1
NT,7,1,DIQNFOGNTYNBDSNYNSLILNFQENDDGEQT,3,1228.206314413595,22965906.40625,20,16,8.4161262,1,1
TY,8,1,DIQNFOGNTYNBDSNYNSLILNFQENDDGEQT,3,1228.206314413595,22965906.40625,20,16,8.4161262,1,1
YN,9,1,DIQNFOGNTYNBDSNYNSLILNFQENDDGEQT,3,1228.206314413595,22965906.40625,20,16,8.4161262,1,1
NB,10,1,DIQNFOGNTYNBDSNYNSLILNFQENDDGEQT,3,1228.206314413595,22965906.40625,20,16,8.4161262,1,1
BD,11,1,DIQNFOGNTYNBDSNYNSLILNFQENDDGEQT,3,1228.206314413595,22965906.40625,20,16,8.4161262,1,1
DS,12,1,DIQNFOGNTYNBDSNYNSLILNFQENDDGEQT,3,1228.206314413595,22965906.40625,20,16,8.4161262,1,1
SN,13,1,DIQNFOGNTYNBDSNYNSLILNFQENDDGEQT,3,1228.206314413595,22965906.40625,20,16,8.4161262,1,1
NY,14,1,DIQNFOGNTYNBDSNYNSLILNFQENDDGEQT,3,1228.206314413595,22965906.40625,20,16,8.4161262,1,1
YN,15,1,DIQNFOGNTYNBDSNYNSLILNFQENDDGEQT,3,1228.206314413595,22965906.40625,20,16,8.4161262,1,1
NS,16,1,DIQNFOGNTYNBDSNYNSLILNFQENDDGEQT,3,1228.206314413595,22965906.40625,20,16,8.4161262,1,1
SL,17,1,DIQNFOGNTYNBDSNYNSLILNFQENDDGEQT,3,1228.206314413595,22965906.40625,20,16,8.4161262,1,1
LI,18,1,DIQNFOGNTYNBDSNYNSLILNFQENDDGEQT,3,1228.206314413595,22965906.40625,20,16,8.4161262,1,1
IL,19,1,DIQNFOGNTYNBDSNYNSLILNFQENDDGEQT,3,1228.206314413595,22965906.40625,20,16,8.4161262,1,1
LN,20,1,DIQNFOGNTYNBDSNYNSLILNFQENDDGEQT,3,1228.206314413595,22965906.40625,20,16,8.4161262,1,1
NF,21,1,DIQNFOGNTYNBDSNYNSLILNFQENDDGEQT,3,1228.206314413595,22965906.40625,20,16,8.4161262,1,1
FQ,22,1,DIQNFOGNTYNBDSNYNSLILNFQENDDGEQT,3,1228.206314413595,22965906.40625,20,16,8.4161262,1,1
QE,23,1,DIQNFOGNTYNBDSNYNSLILNFQENDDGEQT,3,1228.206314413595,22965906.40625,20,16,8.4161262,1,1
EN,24,1,DIQNFOGNTYNBDSNYNSLILNFQENDDGEQT,3,1228.206314413595,22965906.40625,20,16,8.4161262,1,1
ND,25,1,DIQNFOGNTYNBDSNYNSLILNFQENDDGEQT,3,1228.206314413595,22965906.40625,20,16,8.4161262,1,1
DD,26,1,DIQNFOGNTYNBDSNYNSLILNFQENDDGEQT,3,1228.206314413595,22965906.40625,20,16,8.4161262,1,1
DG,27,1,DIQNFOGNTYNBDSNYNSLILNFQENDDGEQT,3,1228.206314413595,22965906.40625,20,16,8.4161262,1,1
GE,28,1,DIQNFOGNTYNBDSNYNSLILNFQENDDGEQT,3,1228.206314413595,22965906.40625,20,16,8.4161262,1,1
EQ,29,1,DIQNFOGNTYNBDSNYNSLILNFQENDDGEQT,3,1228.206314413595,22965906.40625,20,16,8.4161262,1,1
QT,30,0,DIQNFOGNTYNBDSNYNSLILNFQENDDGEQT,3,1228.206314413595,22965906.40625,20,16,8.4161262,0,1
DI,0,0,DIQNFOGNTYNBDSNYNSLILNFQENDDGEQT,3,1228.205332838815,25562427.48047,20,18,9.049179,0,1
IQ,1,1,DIQNFOGNTYNBDSNYNSLILNFQENDDGEQT,3,1228.205332838815,25562427.48047,20,18,9.049179,1,1
QN,2,1,DIQNFOGNTYNBDSNYNSLILNFQENDDGEQT,3,1228.205332838815,25562427.48047,20,18,9.049179,1,1
NF,3,1,DIQNFOGNTYNBDSNYNSLILNFQENDDGEQT,3,1228.205332838815,25562427.48047,20,18,9.049179,1,1
FO,4,1,DIQNFOGNTYNBDSNYNSLILNFQENDDGEQT,3,1228.205332838815,25562427.48047,20,18,9.049179,1,1
OG,5,1,DIQNFOGNTYNBDSNYNSLILNFQENDDGEQT,3,1228.205332838815,25562427.48047,20,18,9.049179,1,1
GN,6,1,DIQNFOGNTYNBDSNYNSLILNFQENDDGEQT,3,1228.205332838815,25562427.48047,20,18,9.049179,1,1
NT,7,1,DIQNFOGNTYNBDSNYNSLILNFQENDDGEQT,3,1228.205332838815,25562427.48047,20,18,9.049179,1,1
TY,8,1,DIQNFOGNTYNBDSNYNSLILNFQENDDGEQT,3,1228.205332838815,25562427.48047,20,18,9.049179,1,1
YN,9,1,DIQNFOGNTYNBDSNYNSLILNFQENDDGEQT,3,1228.205332838815,25562427.48047,20,18,9.049179,1,1
NB,10,1,DIQNFOGNTYNBDSNYNSLILNFQENDDGEQT,3,1228.205332838815,25562427.48047,20,18,9.049179,1,1
BD,11,1,DIQNFOGNTYNBDSNYNSLILNFQENDDGEQT,3,1228.205332838815,25562427.48047,20,18,9.049179,1,1
DS,12,1,DIQNFOGNTYNBDSNYNSLILNFQENDDGEQT,3,1228.205332838815,25562427.48047,20,18,9.049179,1,1
SN,13,1,DIQNFOGNTYNBDSNYNSLILNFQENDDGEQT,3,1228.205332838815,25562427.48047,20,18,9.049179,1,1
NY,14,1,DIQNFOGNTYNBDSNYNSLILNFQENDDGEQT,3,1228.205332838815,25562427.48047,20,18,9.049179,1,1
YN,15,1,DIQNFOGNTYNBDSNYNSLILNFQENDDGEQT,3,1228.205332838815,25562427.48047,20,18,9.049179,1,1
NS,16,1,DIQNFOGNTYNBDSNYNSLILNFQENDDGEQT,3,1228.205332838815,25562427.48047,20,18,9.049179,1,1
SL,17,1,DIQNFOGNTYNBDSNYNSLILNFQENDDGEQT,3,1228.205332838815,25562427.48047,20,18,9.049179,1,1
LI,18,1,DIQNFOGNTYNBDSNYNSLILNFQENDDGEQT,3,1228.205332838815,25562427.48047,20,18,9.049179,1,1
IL,19,1,DIQNFOGNTYNBDSNYNSLILNFQENDDGEQT,3,1228.205332838815,25562427.48047,20,18,9.049179,1,1
LN,20,1,DIQNFOGNTYNBDSNYNSLILNFQENDDGEQT,3,1228.205332838815,25562427.48047,20,18,9.049179,1,1
NF,21,1,DIQNFOGNTYNBDSNYNSLILNFQENDDGEQT,3,1228.205332838815,25562427.48047,20,18,9.049179,1,1
FQ,22,1,DIQNFOGNTYNBDSNYNSLILNFQENDDGEQT,3,1228.205332838815,25562427.48047,20,18,9.049179,1,1
QE,23,1,DIQNFOGNTYNBDSNYNSLILNFQENDDGEQT,3,1228.205332838815,25562427.48047,20,18,9.049179,1,1
EN,24,1,DIQNFOGNTYNBDSNYNSLILNFQENDDGEQT,3,1228.205332838815,25562427.48047,20,18,9.049179,1,1
ND,25,1,DIQNFOGNTYNBDSNYNSLILNFQENDDGEQT,3,1228.205332838815,25562427.48047,20,18,9.049179,1,1
DD,26,1,DIQNFOGNTYNBDSNYNSLILNFQENDDGEQT,3,1228.205332838815,25562427.48047,20,18,9.049179,1,1
DG,27,1,DIQNFOGNTYNBDSNYNSLILNFQENDDGEQT,3,1228.205332838815,25562427.48047,20,18,9.049179,1,1
GE,28,1,DIQNFOGNTYNBDSNYNSLILNFQENDDGEQT,3,1228.205332838815,25562427.48047,20,18,9.049179,1,1
EQ,29,1,DIQNFOGNTYNBDSNYNSLILNFQENDDGEQT,3,1228.205332838815,25562427.48047,20,18,9.049179,1,1
QT,30,0,DIQNFOGNTYNBDSNYNSLILNFQENDDGEQT,3,1228.205332838815,25562427.48047,20,18,9.049179,0,1
DI,0,0,DIQNFOGNTYNBDSNYNSLILNFQENDDGEQT,4,921.405335035403,20383132.09375,20,19,9.162321,0,1
IQ,1,0,DIQNFOGNTYNBDSNYNSLILNFQENDDGEQT,4,921.405335035403,20383132.09375,20,19,9.162321,0,1
QN,2,1,DIQNFOGNTYNBDSNYNSLILNFQENDDGEQT,4,921.405335035403,20383132.09375,20,19,9.162321,1,1
NF,3,1,DIQNFOGNTYNBDSNYNSLILNFQENDDGEQT,4,921.405335035403,20383132.09375,20,19,9.162321,1,1
FO,4,1,DIQNFOGNTYNBDSNYNSLILNFQENDDGEQT,4,921.405335035403,20383132.09375,20,19,9.162321,1,1
OG,5,1,DIQNFOGNTYNBDSNYNSLILNFQENDDGEQT,4,921.405335035403,20383132.09375,20,19,9.162321,1,1
GN,6,0,DIQNFOGNTYNBDSNYNSLILNFQENDDGEQT,4,921.405335035403,20383132.09375,20,19,9.162321,0,1
NT,7,1,DIQNFOGNTYNBDSNYNSLILNFQENDDGEQT,4,921.405335035403,20383132.09375,20,19,9.162321,1,1
TY,8,1,DIQNFOGNTYNBDSNYNSLILNFQENDDGEQT,4,921.405335035403,20383132.09375,20,19,9.162321,1,1
YN,9,1,DIQNFOGNTYNBDSNYNSLILNFQENDDGEQT,4,921.405335035403,20383132.09375,20,19,9.162321,1,1
NB,10,1,DIQNFOGNTYNBDSNYNSLILNFQENDDGEQT,4,921.405335035403,20383132.09375,20,19,9.162321,1,1
BD,11,1,DIQNFOGNTYNBDSNYNSLILNFQENDDGEQT,4,921.405335035403,20383132.09375,20,19,9.162321,1,1
DS,12,1,DIQNFOGNTYNBDSNYNSLILNFQENDDGEQT,4,921.405335035403,20383132.09375,20,19,9.162321,1,1
SN,13,1,DIQNFOGNTYNBDSNYNSLILNFQENDDGEQT,4,921.405335035403,20383132.09375,20,19,9.162321,1,1
NY,14,1,DIQNFOGNTYNBDSNYNSLILNFQENDDGEQT,4,921.405335035403,20383132.09375,20,19,9.162321,1,1
YN,15,1,DIQNFOGNTYNBDSNYNSLILNFQENDDGEQT,4,921.405335035403,20383132.09375,20,19,9.162321,1,1
NS,16,1,DIQNFOGNTYNBDSNYNSLILNFQENDDGEQT,4,921.405335035403,20383132.09375,20,19,9.162321,1,1
SL,17,1,DIQNFOGNTYNBDSNYNSLILNFQENDDGEQT,4,921.405335035403,20383132.09375,20,19,9.162321,1,1
LI,18,1,DIQNFOGNTYNBDSNYNSLILNFQENDDGEQT,4,921.405335035403,20383132.09375,20,19,9.162321,1,1
IL,19,1,DIQNFOGNTYNBDSNYNSLILNFQENDDGEQT,4,921.405335035403,20383132.09375,20,19,9.162321,1,1
LN,20,1,DIQNFOGNTYNBDSNYNSLILNFQENDDGEQT,4,921.405335035403,20383132.09375,20,19,9.162321,1,1
NF,21,1,DIQNFOGNTYNBDSNYNSLILNFQENDDGEQT,4,921.405335035403,20383132.09375,20,19,9.162321,1,1
FQ,22,1,DIQNFOGNTYNBDSNYNSLILNFQENDDGEQT,4,921.405335035403,20383132.09375,20,19,9.162321,1,1
QE,23,1,DIQNFOGNTYNBDSNYNSLILNFQENDDGEQT,4,921.405335035403,20383132.09375,20,19,9.162321,1,1
EN,24,1,DIQNFOGNTYNBDSNYNSLILNFQENDDGEQT,4,921.405335035403,20383132.09375,20,19,9.162321,1,1
ND,25,1,DIQNFOGNTYNBDSNYNSLILNFQENDDGEQT,4,921.405335035403,20383132.09375,20,19,9.162321,1,1
DD,26,1,DIQNFOGNTYNBDSNYNSLILNFQENDDGEQT,4,921.405335035403,20383132.09375,20,19,9.162321,1,1
DG,27,1,DIQNFOGNTYNBDSNYNSLILNFQENDDGEQT,4,921.405335035403,20383132.09375,20,19,9.162321,1,1
GE,28,1,DIQNFOGNTYNBDSNYNSLILNFQENDDGEQT,4,921.405335035403,20383132.09375,20,19,9.162321,1,1
EQ,29,0,DIQNFOGNTYNBDSNYNSLILNFQENDDGEQT,4,921.405335035403,20383132.09375,20,19,9.162321,0,1
QT,30,0,DIQNFOGNTYNBDSNYNSLILNFQENDDGEQT,4,921.405335035403,20383132.09375,20,19,9.162321,0,1
DI,0,0,DIQNFOGNTYNBDSNYNSLILNFQENDDGEQT,3,1228.20497041358,27548029.97656,20,21,9.7946592,0,1
IQ,1,1,DIQNFOGNTYNBDSNYNSLILNFQENDDGEQT,3,1228.20497041358,27548029.97656,20,21,9.7946592,1,1
QN,2,1,DIQNFOGNTYNBDSNYNSLILNFQENDDGEQT,3,1228.20497041358,27548029.97656,20,21,9.7946592,1,1
NF,3,1,DIQNFOGNTYNBDSNYNSLILNFQENDDGEQT,3,1228.20497041358,27548029.97656,20,21,9.7946592,1,1
FO,4,1,DIQNFOGNTYNBDSNYNSLILNFQENDDGEQT,3,1228.20497041358,27548029.97656,20,21,9.7946592,1,1
OG,5,1,DIQNFOGNTYNBDSNYNSLILNFQENDDGEQT,3,1228.20497041358,27548029.97656,20,21,9.7946592,1,1
GN,6,1,DIQNFOGNTYNBDSNYNSLILNFQENDDGEQT,3,1228.20497041358,27548029.97656,20,21,9.7946592,1,1
NT,7,1,DIQNFOGNTYNBDSNYNSLILNFQENDDGEQT,3,1228.20497041358,27548029.97656,20,21,9.7946592,1,1
TY,8,1,DIQNFOGNTYNBDSNYNSLILNFQENDDGEQT,3,1228.20497041358,27548029.97656,20,21,9.7946592,1,1
YN,9,1,DIQNFOGNTYNBDSNYNSLILNFQENDDGEQT,3,1228.20497041358,27548029.97656,20,21,9.7946592,1,1
NB,10,1,DIQNFOGNTYNBDSNYNSLILNFQENDDGEQT,3,1228.20497041358,27548029.97656,20,21,9.7946592,1,1
BD,11,0,DIQNFOGNTYNBDSNYNSLILNFQENDDGEQT,3,1228.20497041358,27548029.97656,20,21,9.7946592,0,1
DS,12,1,DIQNFOGNTYNBDSNYNSLILNFQENDDGEQT,3,1228.20497041358,27548029.97656,20,21,9.7946592,1,1
SN,13,1,DIQNFOGNTYNBDSNYNSLILNFQENDDGEQT,3,1228.20497041358,27548029.97656,20,21,9.7946592,1,1
NY,14,1,DIQNFOGNTYNBDSNYNSLILNFQENDDGEQT,3,1228.20497041358,27548029.97656,20,21,9.7946592,1,1
YN,15,1,DIQNFOGNTYNBDSNYNSLILNFQENDDGEQT,3,1228.20497041358,27548029.97656,20,21,9.7946592,1,1
NS,16,1,DIQNFOGNTYNBDSNYNSLILNFQENDDGEQT,3,1228.20497041358,27548029.97656,20,21,9.7946592,1,1
SL,17,1,DIQNFOGNTYNBDSNYNSLILNFQENDDGEQT,3,1228.20497041358,27548029.97656,20,21,9.7946592,1,1
LI,18,1,DIQNFOGNTYNBDSNYNSLILNFQENDDGEQT,3,1228.20497041358,27548029.97656,20,21,9.7946592,1,1
IL,19,1,DIQNFOGNTYNBDSNYNSLILNFQENDDGEQT,3,1228.20497041358,27548029.97656,20,21,9.7946592,1,1
LN,20,1,DIQNFOGNTYNBDSNYNSLILNFQENDDGEQT,3,1228.20497041358,27548029.97656,20,21,9.7946592,1,1
NF,21,1,DIQNFOGNTYNBDSNYNSLILNFQENDDGEQT,3,1228.20497041358,27548029.97656,20,21,9.7946592,1,1
FQ,22,1,DIQNFOGNTYNBDSNYNSLILNFQENDDGEQT,3,1228.20497041358,27548029.97656,20,21,9.7946592,1,1
QE,23,1,DIQNFOGNTYNBDSNYNSLILNFQENDDGEQT,3,1228.20497041358,27548029.97656,20,21,9.7946592,1,1
EN,24,1,DIQNFOGNTYNBDSNYNSLILNFQENDDGEQT,3,1228.20497041358,27548029.97656,20,21,9.7946592,1,1
ND,25,1,DIQNFOGNTYNBDSNYNSLILNFQENDDGEQT,3,1228.20497041358,27548029.97656,20,21,9.7946592,1,1
DD,26,1,DIQNFOGNTYNBDSNYNSLILNFQENDDGEQT,3,1228.20497041358,27548029.97656,20,21,9.7946592,1,1
DG,27,1,DIQNFOGNTYNBDSNYNSLILNFQENDDGEQT,3,1228.20497041358,27548029.97656,20,21,9.7946592,1,1
GE,28,1,DIQNFOGNTYNBDSNYNSLILNFQENDDGEQT,3,1228.20497041358,27548029.97656,20,21,9.7946592,1,1
EQ,29,1,DIQNFOGNTYNBDSNYNSLILNFQENDDGEQT,3,1228.20497041358,27548029.97656,20,21,9.7946592,1,1
QT,30,0,DIQNFOGNTYNBDSNYNSLILNFQENDDGEQT,3,1228.20497041358,27548029.97656,20,21,9.7946592,0,1
DI,0,0,DIQNFOGNTYNBDSNYNSLILNFQENDDGEQT,4,921.405335035403,20213544.25781,20,22,9.874464,0,1
IQ,1,0,DIQNFOGNTYNBDSNYNSLILNFQENDDGEQT,4,921.405335035403,20213544.25781,20,22,9.874464,0,1
QN,2,1,DIQNFOGNTYNBDSNYNSLILNFQENDDGEQT,4,921.405335035403,20213544.25781,20,22,9.874464,1,1
NF,3,1,DIQNFOGNTYNBDSNYNSLILNFQENDDGEQT,4,921.405335035403,20213544.25781,20,22,9.874464,1,1
FO,4,1,DIQNFOGNTYNBDSNYNSLILNFQENDDGEQT,4,921.405335035403,20213544.25781,20,22,9.874464,1,1
OG,5,1,DIQNFOGNTYNBDSNYNSLILNFQENDDGEQT,4,921.405335035403,20213544.25781,20,22,9.874464,1,1
GN,6,1,DIQNFOGNTYNBDSNYNSLILNFQENDDGEQT,4,921.405335035403,20213544.25781,20,22,9.874464,1,1
NT,7,1,DIQNFOGNTYNBDSNYNSLILNFQENDDGEQT,4,921.405335035403,20213544.25781,20,22,9.874464,1,1
TY,8,1,DIQNFOGNTYNBDSNYNSLILNFQENDDGEQT,4,921.405335035403,20213544.25781,20,22,9.874464,1,1
YN,9,1,DIQNFOGNTYNBDSNYNSLILNFQENDDGEQT,4,921.405335035403,20213544.25781,20,22,9.874464,1,1
NB,10,1,DIQNFOGNTYNBDSNYNSLILNFQENDDGEQT,4,921.405335035403,20213544.25781,20,22,9.874464,1,1
BD,11,0,DIQNFOGNTYNBDSNYNSLILNFQENDDGEQT,4,921.405335035403,20213544.25781,20,22,9.874464,0,1
DS,12,1,DIQNFOGNTYNBDSNYNSLILNFQENDDGEQT,4,921.405335035403,20213544.25781,20,22,9.874464,1,1
SN,13,0,DIQNFOGNTYNBDSNYNSLILNFQENDDGEQT,4,921.405335035403,20213544.25781,20,22,9.874464,0,1
NY,14,1,DIQNFOGNTYNBDSNYNSLILNFQENDDGEQT,4,921.405335035403,20213544.25781,20,22,9.874464,1,1
YN,15,1,DIQNFOGNTYNBDSNYNSLILNFQENDDGEQT,4,921.405335035403,20213544.25781,20,22,9.874464,1,1
NS,16,1,DIQNFOGNTYNBDSNYNSLILNFQENDDGEQT,4,921.405335035403,20213544.25781,20,22,9.874464,1,1
SL,17,1,DIQNFOGNTYNBDSNYNSLILNFQENDDGEQT,4,921.405335035403,20213544.25781,20,22,9.874464,1,1
LI,18,1,DIQNFOGNTYNBDSNYNSLILNFQENDDGEQT,4,921.405335035403,20213544.25781,20,22,9.874464,1,1
IL,19,1,DIQNFOGNTYNBDSNYNSLILNFQENDDGEQT,4,921.405335035403,20213544.25781,20,22,9.874464,1,1
LN,20,1,DIQNFOGNTYNBDSNYNSLILNFQENDDGEQT,4,921.405335035403,20213544.25781,20,22,9.874464,1,1
NF,21,1,DIQNFOGNTYNBDSNYNSLILNFQENDDGEQT,4,921.405335035403,20213544.25781,20,22,9.874464,1,1
FQ,22,1,DIQNFOGNTYNBDSNYNSLILNFQENDDGEQT,4,921.405335035403,20213544.25781,20,22,9.874464,1,1
QE,23,1,DIQNFOGNTYNBDSNYNSLILNFQENDDGEQT,4,921.405335035403,20213544.25781,20,22,9.874464,1,1
EN,24,1,DIQNFOGNTYNBDSNYNSLILNFQENDDGEQT,4,921.405335035403,20213544.25781,20,22,9.874464,1,1
ND,25,1,DIQNFOGNTYNBDSNYNSLILNFQENDDGEQT,4,921.405335035403,20213544.25781,20,22,9.874464,1,1
DD,26,1,DIQNFOGNTYNBDSNYNSLILNFQENDDGEQT,4,921.405335035403,20213544.25781,20,22,9.874464,1,1
DG,27,1,DIQNFOGNTYNBDSNYNSLILNFQENDDGEQT,4,921.405335035403,20213544.25781,20,22,9.874464,1,1
GE,28,1,DIQNFOGNTYNBDSNYNSLILNFQENDDGEQT,4,921.405335035403,20213544.25781,20,22,9.874464,1,1
EQ,29,0,DIQNFOGNTYNBDSNYNSLILNFQENDDGEQT,4,921.405335035403,20213544.25781,20,22,9.874464,0,1
QT,30,0,DIQNFOGNTYNBDSNYNSLILNFQENDDGEQT,4,921.405335035403,20213544.25781,20,22,9.874464,0,1
DI,0,0,DIQNFOGNTYNBDSNYNSLILNFQENDDGEQT,3,1228.205217995551,27751389.58398,20,25,11.1299718,0,1
IQ,1,1,DIQNFOGNTYNBDSNYNSLILNFQENDDGEQT,3,1228.205217995551,27751389.58398,20,25,11.1299718,1,1
QN,2,1,DIQNFOGNTYNBDSNYNSLILNFQENDDGEQT,3,1228.205217995551,27751389.58398,20,25,11.1299718,1,1
NF,3,1,DIQNFOGNTYNBDSNYNSLILNFQENDDGEQT,3,1228.205217995551,27751389.58398,20,25,11.1299718,1,1
FO,4,1,DIQNFOGNTYNBDSNYNSLILNFQENDDGEQT,3,1228.205217995551,27751389.58398,20,25,11.1299718,1,1
OG,5,1,DIQNFOGNTYNBDSNYNSLILNFQENDDGEQT,3,1228.205217995551,27751389.58398,20,25,11.1299718,1,1
GN,6,0,DIQNFOGNTYNBDSNYNSLILNFQENDDGEQT,3,1228.205217995551,27751389.58398,20,25,11.1299718,0,1
NT,7,1,DIQNFOGNTYNBDSNYNSLILNFQENDDGEQT,3,1228.205217995551,27751389.58398,20,25,11.1299718,1,1
TY,8,1,DIQNFOGNTYNBDSNYNSLILNFQENDDGEQT,3,1228.205217995551,27751389.58398,20,25,11.1299718,1,1
YN,9,1,DIQNFOGNTYNBDSNYNSLILNFQENDDGEQT,3,1228.205217995551,27751389.58398,20,25,11.1299718,1,1
NB,10,1,DIQNFOGNTYNBDSNYNSLILNFQENDDGEQT,3,1228.205217995551,27751389.58398,20,25,11.1299718,1,1
BD,11,0,DIQNFOGNTYNBDSNYNSLILNFQENDDGEQT,3,1228.205217995551,27751389.58398,20,25,11.1299718,0,1
DS,12,1,DIQNFOGNTYNBDSNYNSLILNFQENDDGEQT,3,1228.205217995551,27751389.58398,20,25,11.1299718,1,1
SN,13,1,DIQNFOGNTYNBDSNYNSLILNFQENDDGEQT,3,1228.205217995551,27751389.58398,20,25,11.1299718,1,1
NY,14,1,DIQNFOGNTYNBDSNYNSLILNFQENDDGEQT,3,1228.205217995551,27751389.58398,20,25,11.1299718,1,1
YN,15,1,DIQNFOGNTYNBDSNYNSLILNFQENDDGEQT,3,1228.205217995551,27751389.58398,20,25,11.1299718,1,1
NS,16,1,DIQNFOGNTYNBDSNYNSLILNFQENDDGEQT,3,1228.205217995551,27751389.58398,20,25,11.1299718,1,1
SL,17,1,DIQNFOGNTYNBDSNYNSLILNFQENDDGEQT,3,1228.205217995551,27751389.58398,20,25,11.1299718,1,1
LI,18,1,DIQNFOGNTYNBDSNYNSLILNFQENDDGEQT,3,1228.205217995551,27751389.58398,20,25,11.1299718,1,1
IL,19,1,DIQNFOGNTYNBDSNYNSLILNFQENDDGEQT,3,1228.205217995551,27751389.58398,20,25,11.1299718,1,1
LN,20,1,DIQNFOGNTYNBDSNYNSLILNFQENDDGEQT,3,1228.205217995551,27751389.58398,20,25,11.1299718,1,1
NF,21,1,DIQNFOGNTYNBDSNYNSLILNFQENDDGEQT,3,1228.205217995551,27751389.58398,20,25,11.1299718,1,1
FQ,22,1,DIQNFOGNTYNBDSNYNSLILNFQENDDGEQT,3,1228.205217995551,27751389.58398,20,25,11.1299718,1,1
QE,23,1,DIQNFOGNTYNBDSNYNSLILNFQENDDGEQT,3,1228.205217995551,27751389.58398,20,25,11.1299718,1,1
EN,24,1,DIQNFOGNTYNBDSNYNSLILNFQENDDGEQT,3,1228.205217995551,27751389.58398,20,25,11.1299718,1,1
ND,25,1,DIQNFOGNTYNBDSNYNSLILNFQENDDGEQT,3,1228.205217995551,27751389.58398,20,25,11.1299718,1,1
DD,26,1,DIQNFOGNTYNBDSNYNSLILNFQENDDGEQT,3,1228.205217995551,27751389.58398,20,25,11.1299718,1,1
DG,27,1,DIQNFOGNTYNBDSNYNSLILNFQENDDGEQT,3,1228.205217995551,27751389.58398,20,25,11.1299718,1,1
GE,28,1,DIQNFOGNTYNBDSNYNSLILNFQENDDGEQT,3,1228.205217995551,27751389.58398,20,25,11.1299718,1,1
EQ,29,1,DIQNFOGNTYNBDSNYNSLILNFQENDDGEQT,3,1228.205217995551,27751389.58398,20,25,11.1299718,1,1
QT,30,0,DIQNFOGNTYNBDSNYNSLILNFQENDDGEQT,3,1228.205217995551,27751389.58398,20,25,11.1299718,0,1
DI,0,0,DIQNFOGNTYNBDSNYNSLILNFQENDDGEQT,4,921.405358321598,21399287.18359,20,26,11.2096986,0,1
IQ,1,0,DIQNFOGNTYNBDSNYNSLILNFQENDDGEQT,4,921.405358321598,21399287.18359,20,26,11.2096986,0,1
QN,2,1,DIQNFOGNTYNBDSNYNSLILNFQENDDGEQT,4,921.405358321598,21399287.18359,20,26,11.2096986,1,1
NF,3,1,DIQNFOGNTYNBDSNYNSLILNFQENDDGEQT,4,921.405358321598,21399287.18359,20,26,11.2096986,1,1
FO,4,1,DIQNFOGNTYNBDSNYNSLILNFQENDDGEQT,4,921.405358321598,21399287.18359,20,26,11.2096986,1,1
OG,5,1,DIQNFOGNTYNBDSNYNSLILNFQENDDGEQT,4,921.405358321598,21399287.18359,20,26,11.2096986,1,1
GN,6,0,DIQNFOGNTYNBDSNYNSLILNFQENDDGEQT,4,921.405358321598,21399287.18359,20,26,11.2096986,0,1
NT,7,1,DIQNFOGNTYNBDSNYNSLILNFQENDDGEQT,4,921.405358321598,21399287.18359,20,26,11.2096986,1,1
TY,8,1,DIQNFOGNTYNBDSNYNSLILNFQENDDGEQT,4,921.405358321598,21399287.18359,20,26,11.2096986,1,1
YN,9,1,DIQNFOGNTYNBDSNYNSLILNFQENDDGEQT,4,921.405358321598,21399287.18359,20,26,11.2096986,1,1
NB,10,1,DIQNFOGNTYNBDSNYNSLILNFQENDDGEQT,4,921.405358321598,21399287.18359,20,26,11.2096986,1,1
BD,11,1,DIQNFOGNTYNBDSNYNSLILNFQENDDGEQT,4,921.405358321598,21399287.18359,20,26,11.2096986,1,1
DS,12,1,DIQNFOGNTYNBDSNYNSLILNFQENDDGEQT,4,921.405358321598,21399287.18359,20,26,11.2096986,1,1
SN,13,1,DIQNFOGNTYNBDSNYNSLILNFQENDDGEQT,4,921.405358321598,21399287.18359,20,26,11.2096986,1,1
NY,14,1,DIQNFOGNTYNBDSNYNSLILNFQENDDGEQT,4,921.405358321598,21399287.18359,20,26,11.2096986,1,1
YN,15,1,DIQNFOGNTYNBDSNYNSLILNFQENDDGEQT,4,921.405358321598,21399287.18359,20,26,11.2096986,1,1
NS,16,1,DIQNFOGNTYNBDSNYNSLILNFQENDDGEQT,4,921.405358321598,21399287.18359,20,26,11.2096986,1,1
SL,17,1,DIQNFOGNTYNBDSNYNSLILNFQENDDGEQT,4,921.405358321598,21399287.18359,20,26,11.2096986,1,1
LI,18,1,DIQNFOGNTYNBDSNYNSLILNFQENDDGEQT,4,921.405358321598,21399287.18359,20,26,11.2096986,1,1
IL,19,1,DIQNFOGNTYNBDSNYNSLILNFQENDDGEQT,4,921.405358321598,21399287.18359,20,26,11.2096986,1,1
LN,20,1,DIQNFOGNTYNBDSNYNSLILNFQENDDGEQT,4,921.405358321598,21399287.18359,20,26,11.2096986,1,1
NF,21,1,DIQNFOGNTYNBDSNYNSLILNFQENDDGEQT,4,921.405358321598,21399287.18359,20,26,11.2096986,1,1
FQ,22,1,DIQNFOGNTYNBDSNYNSLILNFQENDDGEQT,4,921.405358321598,21399287.18359,20,26,11.2096986,1,1
QE,23,1,DIQNFOGNTYNBDSNYNSLILNFQENDDGEQT,4,921.405358321598,21399287.18359,20,26,11.2096986,1,1
EN,24,1,DIQNFOGNTYNBDSNYNSLILNFQENDDGEQT,4,921.405358321598,21399287.18359,20,26,11.2096986,1,1
ND,25,1,DIQNFOGNTYNBDSNYNSLILNFQENDDGEQT,4,921.405358321598,21399287.18359,20,26,11.2096986,1,1
DD,26,1,DIQNFOGNTYNBDSNYNSLILNFQENDDGEQT,4,921.405358321598,21399287.18359,20,26,11.2096986,1,1
DG,27,1,DIQNFOGNTYNBDSNYNSLILNFQENDDGEQT,4,921.405358321598,21399287.18359,20,26,11.2096986,1,1
GE,28,1,DIQNFOGNTYNBDSNYNSLILNFQENDDGEQT,4,921.405358321598,21399287.18359,20,26,11.2096986,1,1
EQ,29,0,DIQNFOGNTYNBDSNYNSLILNFQENDDGEQT,4,921.405358321598,21399287.18359,20,26,11.2096986,0,1
QT,30,0,DIQNFOGNTYNBDSNYNSLILNFQENDDGEQT,4,921.405358321598,21399287.18359,20,26,11.2096986,0,1
DI,0,0,DIQNFOGNTYNBDSNYNSLILNFQENDDGEQT,3,1228.205342743339,25585735.74023,20,28,11.8429992,0,1
IQ,1,1,DIQNFOGNTYNBDSNYNSLILNFQENDDGEQT,3,1228.205342743339,25585735.74023,20,28,11.8429992,1,1
QN,2,1,DIQNFOGNTYNBDSNYNSLILNFQENDDGEQT,3,1228.205342743339,25585735.74023,20,28,11.8429992,1,1
NF,3,1,DIQNFOGNTYNBDSNYNSLILNFQENDDGEQT,3,1228.205342743339,25585735.74023,20,28,11.8429992,1,1
FO,4,1,DIQNFOGNTYNBDSNYNSLILNFQENDDGEQT,3,1228.205342743339,25585735.74023,20,28,11.8429992,1,1
OG,5,1,DIQNFOGNTYNBDSNYNSLILNFQENDDGEQT,3,1228.205342743339,25585735.74023,20,28,11.8429992,1,1
GN,6,1,DIQNFOGNTYNBDSNYNSLILNFQENDDGEQT,3,1228.205342743339,25585735.74023,20,28,11.8429992,1,1
NT,7,1,DIQNFOGNTYNBDSNYNSLILNFQENDDGEQT,3,1228.205342743339,25585735.74023,20,28,11.8429992,1,1
TY,8,1,DIQNFOGNTYNBDSNYNSLILNFQENDDGEQT,3,1228.205342743339,25585735.74023,20,28,11.8429992,1,1
YN,9,1,DIQNFOGNTYNBDSNYNSLILNFQENDDGEQT,3,1228.205342743339,25585735.74023,20,28,11.8429992,1,1
NB,10,1,DIQNFOGNTYNBDSNYNSLILNFQENDDGEQT,3,1228.205342743339,25585735.74023,20,28,11.8429992,1,1
BD,11,1,DIQNFOGNTYNBDSNYNSLILNFQENDDGEQT,3,1228.205342743339,25585735.74023,20,28,11.8429992,1,1
DS,12,1,DIQNFOGNTYNBDSNYNSLILNFQENDDGEQT,3,1228.205342743339,25585735.74023,20,28,11.8429992,1,1
SN,13,1,DIQNFOGNTYNBDSNYNSLILNFQENDDGEQT,3,1228.205342743339,25585735.74023,20,28,11.8429992,1,1
NY,14,1,DIQNFOGNTYNBDSNYNSLILNFQENDDGEQT,3,1228.205342743339,25585735.74023,20,28,11.8429992,1,1
YN,15,1,DIQNFOGNTYNBDSNYNSLILNFQENDDGEQT,3,1228.205342743339,25585735.74023,20,28,11.8429992,1,1
NS,16,1,DIQNFOGNTYNBDSNYNSLILNFQENDDGEQT,3,1228.205342743339,25585735.74023,20,28,11.8429992,1,1
SL,17,1,DIQNFOGNTYNBDSNYNSLILNFQENDDGEQT,3,1228.205342743339,25585735.74023,20,28,11.8429992,1,1
LI,18,1,DIQNFOGNTYNBDSNYNSLILNFQENDDGEQT,3,1228.205342743339,25585735.74023,20,28,11.8429992,1,1
IL,19,1,DIQNFOGNTYNBDSNYNSLILNFQENDDGEQT,3,1228.205342743339,25585735.74023,20,28,11.8429992,1,1
LN,20,1,DIQNFOGNTYNBDSNYNSLILNFQENDDGEQT,3,1228.205342743339,25585735.74023,20,28,11.8429992,1,1
NF,21,1,DIQNFOGNTYNBDSNYNSLILNFQENDDGEQT,3,1228.205342743339,25585735.74023,20,28,11.8429992,1,1
FQ,22,1,DIQNFOGNTYNBDSNYNSLILNFQENDDGEQT,3,1228.205342743339,25585735.74023,20,28,11.8429992,1,1
QE,23,1,DIQNFOGNTYNBDSNYNSLILNFQENDDGEQT,3,1228.205342743339,25585735.74023,20,28,11.8429992,1,1
EN,24,1,DIQNFOGNTYNBDSNYNSLILNFQENDDGEQT,3,1228.205342743339,25585735.74023,20,28,11.8429992,1,1
ND,25,1,DIQNFOGNTYNBDSNYNSLILNFQENDDGEQT,3,1228.205342743339,25585735.74023,20,28,11.8429992,1,1
DD,26,1,DIQNFOGNTYNBDSNYNSLILNFQENDDGEQT,3,1228.205342743339,25585735.74023,20,28,11.8429992,1,1
DG,27,1,DIQNFOGNTYNBDSNYNSLILNFQENDDGEQT,3,1228.205342743339,25585735.74023,20,28,11.8429992,1,1
GE,28,1,DIQNFOGNTYNBDSNYNSLILNFQENDDGEQT,3,1228.205342743339,25585735.74023,20,28,11.8429992,1,1
EQ,29,1,DIQNFOGNTYNBDSNYNSLILNFQENDDGEQT,3,1228.205342743339,25585735.74023,20,28,11.8429992,1,1
QT,30,0,DIQNFOGNTYNBDSNYNSLILNFQENDDGEQT,3,1228.205342743339,25585735.74023,20,28,11.8429992,0,1
DI,0,0,DIQNFOGNTYNBDSNYNSLILNFQENDDGEQT,4,921.405190144891,20155583.10547,20,29,11.956128,0,1
IQ,1,0,DIQNFOGNTYNBDSNYNSLILNFQENDDGEQT,4,921.405190144891,20155583.10547,20,29,11.956128,0,1
QN,2,1,DIQNFOGNTYNBDSNYNSLILNFQENDDGEQT,4,921.405190144891,20155583.10547,20,29,11.956128,1,1
NF,3,1,DIQNFOGNTYNBDSNYNSLILNFQENDDGEQT,4,921.405190144891,20155583.10547,20,29,11.956128,1,1
FO,4,1,DIQNFOGNTYNBDSNYNSLILNFQENDDGEQT,4,921.405190144891,20155583.10547,20,29,11.956128,1,1
OG,5,1,DIQNFOGNTYNBDSNYNSLILNFQENDDGEQT,4,921.405190144891,20155583.10547,20,29,11.956128,1,1
GN,6,1,DIQNFOGNTYNBDSNYNSLILNFQENDDGEQT,4,921.405190144891,20155583.10547,20,29,11.956128,1,1
NT,7,1,DIQNFOGNTYNBDSNYNSLILNFQENDDGEQT,4,921.405190144891,20155583.10547,20,29,11.956128,1,1
TY,8,1,DIQNFOGNTYNBDSNYNSLILNFQENDDGEQT,4,921.405190144891,20155583.10547,20,29,11.956128,1,1
YN,9,1,DIQNFOGNTYNBDSNYNSLILNFQENDDGEQT,4,921.405190144891,20155583.10547,20,29,11.956128,1,1
NB,10,1,DIQNFOGNTYNBDSNYNSLILNFQENDDGEQT,4,921.405190144891,20155583.10547,20,29,11.956128,1,1
BD,11,0,DIQNFOGNTYNBDSNYNSLILNFQENDDGEQT,4,921.405190144891,20155583.10547,20,29,11.956128,0,1
DS,12,0,DIQNFOGNTYNBDSNYNSLILNFQENDDGEQT,4,921.405190144891,20155583.10547,20,29,11.956128,0,1
SN,13,1,DIQNFOGNTYNBDSNYNSLILNFQENDDGEQT,4,921.405190144891,20155583.10547,20,29,11.956128,1,1
NY,14,1,DIQNFOGNTYNBDSNYNSLILNFQENDDGEQT,4,921.405190144891,20155583.10547,20,29,11.956128,1,1
YN,15,1,DIQNFOGNTYNBDSNYNSLILNFQENDDGEQT,4,921.405190144891,20155583.10547,20,29,11.956128,1,1
NS,16,1,DIQNFOGNTYNBDSNYNSLILNFQENDDGEQT,4,921.405190144891,20155583.10547,20,29,11.956128,1,1
SL,17,1,DIQNFOGNTYNBDSNYNSLILNFQENDDGEQT,4,921.405190144891,20155583.10547,20,29,11.956128,1,1
LI,18,1,DIQNFOGNTYNBDSNYNSLILNFQENDDGEQT,4,921.405190144891,20155583.10547,20,29,11.956128,1,1
IL,19,1,DIQNFOGNTYNBDSNYNSLILNFQENDDGEQT,4,921.405190144891,20155583.10547,20,29,11.956128,1,1
LN,20,1,DIQNFOGNTYNBDSNYNSLILNFQENDDGEQT,4,921.405190144891,20155583.10547,20,29,11.956128,1,1
NF,21,1,DIQNFOGNTYNBDSNYNSLILNFQENDDGEQT,4,921.405190144891,20155583.10547,20,29,11.956128,1,1
FQ,22,1,DIQNFOGNTYNBDSNYNSLILNFQENDDGEQT,4,921.405190144891,20155583.10547,20,29,11.956128,1,1
QE,23,1,DIQNFOGNTYNBDSNYNSLILNFQENDDGEQT,4,921.405190144891,20155583.10547,20,29,11.956128,1,1
EN,24,1,DIQNFOGNTYNBDSNYNSLILNFQENDDGEQT,4,921.405190144891,20155583.10547,20,29,11.956128,1,1
ND,25,1,DIQNFOGNTYNBDSNYNSLILNFQENDDGEQT,4,921.405190144891,20155583.10547,20,29,11.956128,1,1
DD,26,1,DIQNFOGNTYNBDSNYNSLILNFQENDDGEQT,4,921.405190144891,20155583.10547,20,29,11.956128,1,1
DG,27,1,DIQNFOGNTYNBDSNYNSLILNFQENDDGEQT,4,921.405190144891,20155583.10547,20,29,11.956128,1,1
GE,28,1,DIQNFOGNTYNBDSNYNSLILNFQENDDGEQT,4,921.405190144891,20155583.10547,20,29,11.956128,1,1
EQ,29,0,DIQNFOGNTYNBDSNYNSLILNFQENDDGEQT,4,921.405190144891,20155583.10547,20,29,11.956128,0,1
QT,30,0,DIQNFOGNTYNBDSNYNSLILNFQENDDGEQT,4,921.405190144891,20155583.10547,20,29,11.956128,0,1
DI,0,0,DIQNFOGNTYNBDSNYNSLILNFQENDDGEQT,3,1228.205072415386,22692205.35156,20,31,12.5909466,0,1
IQ,1,1,DIQNFOGNTYNBDSNYNSLILNFQENDDGEQT,3,1228.205072415386,22692205.35156,20,31,12.5909466,1,1
QN,2,1,DIQNFOGNTYNBDSNYNSLILNFQENDDGEQT,3,1228.205072415386,22692205.35156,20,31,12.5909466,1,1
NF,3,1,DIQNFOGNTYNBDSNYNSLILNFQENDDGEQT,3,1228.205072415386,22692205.35156,20,31,12.5909466,1,1
FO,4,1,DIQNFOGNTYNBDSNYNSLILNFQENDDGEQT,3,1228.205072415386,22692205.35156,20,31,12.5909466,1,1
OG,5,1,DIQNFOGNTYNBDSNYNSLILNFQENDDGEQT,3,1228.205072415386,22692205.35156,20,31,12.5909466,1,1
GN,6,1,DIQNFOGNTYNBDSNYNSLILNFQENDDGEQT,3,1228.205072415386,22692205.35156,20,31,12.5909466,1,1
NT,7,1,DIQNFOGNTYNBDSNYNSLILNFQENDDGEQT,3,1228.205072415386,22692205.35156,20,31,12.5909466,1,1
TY,8,1,DIQNFOGNTYNBDSNYNSLILNFQENDDGEQT,3,1228.205072415386,22692205.35156,20,31,12.5909466,1,1
YN,9,1,DIQNFOGNTYNBDSNYNSLILNFQENDDGEQT,3,1228.205072415386,22692205.35156,20,31,12.5909466,1,1
NB,10,1,DIQNFOGNTYNBDSNYNSLILNFQENDDGEQT,3,1228.205072415386,22692205.35156,20,31,12.5909466,1,1
BD,11,0,DIQNFOGNTYNBDSNYNSLILNFQENDDGEQT,3,1228.205072415386,22692205.35156,20,31,12.5909466,0,1
DS,12,1,DIQNFOGNTYNBDSNYNSLILNFQENDDGEQT,3,1228.205072415386,22692205.35156,20,31,12.5909466,1,1
SN,13,1,DIQNFOGNTYNBDSNYNSLILNFQENDDGEQT,3,1228.205072415386,22692205.35156,20,31,12.5909466,1,1
NY,14,1,DIQNFOGNTYNBDSNYNSLILNFQENDDGEQT,3,1228.205072415386,22692205.35156,20,31,12.5909466,1,1
YN,15,1,DIQNFOGNTYNBDSNYNSLILNFQENDDGEQT,3,1228.205072415386,22692205.35156,20,31,12.5909466,1,1
NS,16,1,DIQNFOGNTYNBDSNYNSLILNFQENDDGEQT,3,1228.205072415386,22692205.35156,20,31,12.5909466,1,1
SL,17,1,DIQNFOGNTYNBDSNYNSLILNFQENDDGEQT,3,1228.205072415386,22692205.35156,20,31,12.5909466,1,1
LI,18,1,DIQNFOGNTYNBDSNYNSLILNFQENDDGEQT,3,1228.205072415386,22692205.35156,20,31,12.5909466,1,1
IL,19,1,DIQNFOGNTYNBDSNYNSLILNFQENDDGEQT,3,1228.205072415386,22692205.35156,20,31,12.5909466,1,1
LN,20,1,DIQNFOGNTYNBDSNYNSLILNFQENDDGEQT,3,1228.205072415386,22692205.35156,20,31,12.5909466,1,1
NF,21,1,DIQNFOGNTYNBDSNYNSLILNFQENDDGEQT,3,1228.205072415386,22692205.35156,20,31,12.5909466,1,1
FQ,22,1,DIQNFOGNTYNBDSNYNSLILNFQENDDGEQT,3,1228.205072415386,22692205.35156,20,31,12.5909466,1,1
QE,23,1,DIQNFOGNTYNBDSNYNSLILNFQENDDGEQT,3,1228.205072415386,22692205.35156,20,31,12.5909466,1,1
EN,24,1,DIQNFOGNTYNBDSNYNSLILNFQENDDGEQT,3,1228.205072415386,22692205.35156,20,31,12.5909466,1,1
ND,25,1,DIQNFOGNTYNBDSNYNSLILNFQENDDGEQT,3,1228.205072415386,22692205.35156,20,31,12.5909466,1,1
DD,26,1,DIQNFOGNTYNBDSNYNSLILNFQENDDGEQT,3,1228.205072415386,22692205.35156,20,31,12.5909466,1,1
DG,27,1,DIQNFOGNTYNBDSNYNSLILNFQENDDGEQT,3,1228.205072415386,22692205.35156,20,31,12.5909466,1,1
GE,28,1,DIQNFOGNTYNBDSNYNSLILNFQENDDGEQT,3,1228.205072415386,22692205.35156,20,31,12.5909466,1,1
EQ,29,1,DIQNFOGNTYNBDSNYNSLILNFQENDDGEQT,3,1228.205072415386,22692205.35156,20,31,12.5909466,1,0
QT,30,0,DIQNFOGNTYNBDSNYNSLILNFQENDDGEQT,3,1228.205072415386,22692205.35156,20,31,12.5909466,0,0
DI,0,0,DIQNFOGNTYNBDSNYNSLILNFQENDDGEQT,4,921.405190144891,18527044.11719,20,32,12.67068,0,1
IQ,1,0,DIQNFOGNTYNBDSNYNSLILNFQENDDGEQT,4,921.405190144891,18527044.11719,20,32,12.67068,0,1
QN,2,1,DIQNFOGNTYNBDSNYNSLILNFQENDDGEQT,4,921.405190144891,18527044.11719,20,32,12.67068,1,1
NF,3,1,DIQNFOGNTYNBDSNYNSLILNFQENDDGEQT,4,921.405190144891,18527044.11719,20,32,12.67068,1,1
FO,4,1,DIQNFOGNTYNBDSNYNSLILNFQENDDGEQT,4,921.405190144891,18527044.11719,20,32,12.67068,1,1
OG,5,1,DIQNFOGNTYNBDSNYNSLILNFQENDDGEQT,4,921.405190144891,18527044.11719,20,32,12.67068,1,1
GN,6,0,DIQNFOGNTYNBDSNYNSLILNFQENDDGEQT,4,921.405190144891,18527044.11719,20,32,12.67068,0,1
NT,7,1,DIQNFOGNTYNBDSNYNSLILNFQENDDGEQT,4,921.405190144891,18527044.11719,20,32,12.67068,1,1
TY,8,1,DIQNFOGNTYNBDSNYNSLILNFQENDDGEQT,4,921.405190144891,18527044.11719,20,32,12.67068,1,1
YN,9,1,DIQNFOGNTYNBDSNYNSLILNFQENDDGEQT,4,921.405190144891,18527044.11719,20,32,12.67068,1,1
NB,10,1,DIQNFOGNTYNBDSNYNSLILNFQENDDGEQT,4,921.405190144891,18527044.11719,20,32,12.67068,1,1
BD,11,0,DIQNFOGNTYNBDSNYNSLILNFQENDDGEQT,4,921.405190144891,18527044.11719,20,32,12.67068,0,1
DS,12,1,DIQNFOGNTYNBDSNYNSLILNFQENDDGEQT,4,921.405190144891,18527044.11719,20,32,12.67068,1,1
SN,13,1,DIQNFOGNTYNBDSNYNSLILNFQENDDGEQT,4,921.405190144891,18527044.11719,20,32,12.67068,1,1
NY,14,1,DIQNFOGNTYNBDSNYNSLILNFQENDDGEQT,4,921.405190144891,18527044.11719,20,32,12.67068,1,1
YN,15,1,DIQNFOGNTYNBDSNYNSLILNFQENDDGEQT,4,921.405190144891,18527044.11719,20,32,12.67068,1,1
NS,16,1,DIQNFOGNTYNBDSNYNSLILNFQENDDGEQT,4,921.405190144891,18527044.11719,20,32,12.67068,1,1
SL,17,1,DIQNFOGNTYNBDSNYNSLILNFQENDDGEQT,4,921.405190144891,18527044.11719,20,32,12.67068,1,1
LI,18,1,DIQNFOGNTYNBDSNYNSLILNFQENDDGEQT,4,921.405190144891,18527044.11719,20,32,12.67068,1,1
IL,19,1,DIQNFOGNTYNBDSNYNSLILNFQENDDGEQT,4,921.405190144891,18527044.11719,20,32,12.67068,1,1
LN,20,1,DIQNFOGNTYNBDSNYNSLILNFQENDDGEQT,4,921.405190144891,18527044.11719,20,32,12.67068,1,1
NF,21,1,DIQNFOGNTYNBDSNYNSLILNFQENDDGEQT,4,921.405190144891,18527044.11719,20,32,12.67068,1,1
FQ,22,1,DIQNFOGNTYNBDSNYNSLILNFQENDDGEQT,4,921.405190144891,18527044.11719,20,32,12.67068,1,1
QE,23,1,DIQNFOGNTYNBDSNYNSLILNFQENDDGEQT,4,921.405190144891,18527044.11719,20,32,12.67068,1,1
EN,24,1,DIQNFOGNTYNBDSNYNSLILNFQENDDGEQT,4,921.405190144891,18527044.11719,20,32,12.67068,1,1
ND,25,1,DIQNFOGNTYNBDSNYNSLILNFQENDDGEQT,4,921.405190144891,18527044.11719,20,32,12.67068,1,1
DD,26,1,DIQNFOGNTYNBDSNYNSLILNFQENDDGEQT,4,921.405190144891,18527044.11719,20,32,12.67068,1,1
DG,27,1,DIQNFOGNTYNBDSNYNSLILNFQENDDGEQT,4,921.405190144891,18527044.11719,20,32,12.67068,1,1
GE,28,1,DIQNFOGNTYNBDSNYNSLILNFQENDDGEQT,4,921.405190144891,18527044.11719,20,32,12.67068,1,1
EQ,29,0,DIQNFOGNTYNBDSNYNSLILNFQENDDGEQT,4,921.405190144891,18527044.11719,20,32,12.67068,0,1
QT,30,0,DIQNFOGNTYNBDSNYNSLILNFQENDDGEQT,4,921.405190144891,18527044.11719,20,32,12.67068,0,1
DI,0,0,DIQNFOGNTYNBDSNYNSLILNFQENDDGEQT,3,1228.205251867475,15333155.74219,20,35,13.9298022,0,1
IQ,1,1,DIQNFOGNTYNBDSNYNSLILNFQENDDGEQT,3,1228.205251867475,15333155.74219,20,35,13.9298022,1,1
QN,2,1,DIQNFOGNTYNBDSNYNSLILNFQENDDGEQT,3,1228.205251867475,15333155.74219,20,35,13.9298022,1,1
NF,3,1,DIQNFOGNTYNBDSNYNSLILNFQENDDGEQT,3,1228.205251867475,15333155.74219,20,35,13.9298022,1,1
FO,4,1,DIQNFOGNTYNBDSNYNSLILNFQENDDGEQT,3,1228.205251867475,15333155.74219,20,35,13.9298022,1,1
OG,5,1,DIQNFOGNTYNBDSNYNSLILNFQENDDGEQT,3,1228.205251867475,15333155.74219,20,35,13.9298022,1,1
GN,6,1,DIQNFOGNTYNBDSNYNSLILNFQENDDGEQT,3,1228.205251867475,15333155.74219,20,35,13.9298022,1,1
NT,7,1,DIQNFOGNTYNBDSNYNSLILNFQENDDGEQT,3,1228.205251867475,15333155.74219,20,35,13.9298022,1,1
TY,8,1,DIQNFOGNTYNBDSNYNSLILNFQENDDGEQT,3,1228.205251867475,15333155.74219,20,35,13.9298022,1,1
YN,9,1,DIQNFOGNTYNBDSNYNSLILNFQENDDGEQT,3,1228.205251867475,15333155.74219,20,35,13.9298022,1,1
NB,10,1,DIQNFOGNTYNBDSNYNSLILNFQENDDGEQT,3,1228.205251867475,15333155.74219,20,35,13.9298022,1,1
BD,11,0,DIQNFOGNTYNBDSNYNSLILNFQENDDGEQT,3,1228.205251867475,15333155.74219,20,35,13.9298022,0,1
DS,12,1,DIQNFOGNTYNBDSNYNSLILNFQENDDGEQT,3,1228.205251867475,15333155.74219,20,35,13.9298022,1,1
SN,13,1,DIQNFOGNTYNBDSNYNSLILNFQENDDGEQT,3,1228.205251867475,15333155.74219,20,35,13.9298022,1,1
NY,14,1,DIQNFOGNTYNBDSNYNSLILNFQENDDGEQT,3,1228.205251867475,15333155.74219,20,35,13.9298022,1,1
YN,15,1,DIQNFOGNTYNBDSNYNSLILNFQENDDGEQT,3,1228.205251867475,15333155.74219,20,35,13.9298022,1,1
NS,16,1,DIQNFOGNTYNBDSNYNSLILNFQENDDGEQT,3,1228.205251867475,15333155.74219,20,35,13.9298022,1,1
SL,17,1,DIQNFOGNTYNBDSNYNSLILNFQENDDGEQT,3,1228.205251867475,15333155.74219,20,35,13.9298022,1,1
LI,18,1,DIQNFOGNTYNBDSNYNSLILNFQENDDGEQT,3,1228.205251867475,15333155.74219,20,35,13.9298022,1,1
IL,19,1,DIQNFOGNTYNBDSNYNSLILNFQENDDGEQT,3,1228.205251867475,15333155.74219,20,35,13.9298022,1,1
LN,20,1,DIQNFOGNTYNBDSNYNSLILNFQENDDGEQT,3,1228.205251867475,15333155.74219,20,35,13.9298022,1,1
NF,21,1,DIQNFOGNTYNBDSNYNSLILNFQENDDGEQT,3,1228.205251867475,15333155.74219,20,35,13.9298022,1,1
FQ,22,1,DIQNFOGNTYNBDSNYNSLILNFQENDDGEQT,3,1228.205251867475,15333155.74219,20,35,13.9298022,1,1
QE,23,1,DIQNFOGNTYNBDSNYNSLILNFQENDDGEQT,3,1228.205251867475,15333155.74219,20,35,13.9298022,1,1
EN,24,1,DIQNFOGNTYNBDSNYNSLILNFQENDDGEQT,3,1228.205251867475,15333155.74219,20,35,13.9298022,1,1
ND,25,1,DIQNFOGNTYNBDSNYNSLILNFQENDDGEQT,3,1228.205251867475,15333155.74219,20,35,13.9298022,1,1
DD,26,1,DIQNFOGNTYNBDSNYNSLILNFQENDDGEQT,3,1228.205251867475,15333155.74219,20,35,13.9298022,1,1
DG,27,1,DIQNFOGNTYNBDSNYNSLILNFQENDDGEQT,3,1228.205251867475,15333155.74219,20,35,13.9298022,1,1
GE,28,1,DIQNFOGNTYNBDSNYNSLILNFQENDDGEQT,3,1228.205251867475,15333155.74219,20,35,13.9298022,1,0
EQ,29,1,DIQNFOGNTYNBDSNYNSLILNFQENDDGEQT,3,1228.205251867475,15333155.74219,20,35,13.9298022,1,0
QT,30,0,DIQNFOGNTYNBDSNYNSLILNFQENDDGEQT,3,1228.205251867475,15333155.74219,20,35,13.9298022,0,0
DI,0,0,DIQNFOGNTYNBDSNYNSLILNFQENDDGEQT,4,921.405326323366,14219966.625,20,36,14.035878,0,1
IQ,1,0,DIQNFOGNTYNBDSNYNSLILNFQENDDGEQT,4,921.405326323366,14219966.625,20,36,14.035878,0,1
QN,2,1,DIQNFOGNTYNBDSNYNSLILNFQENDDGEQT,4,921.405326323366,14219966.625,20,36,14.035878,1,1
NF,3,1,DIQNFOGNTYNBDSNYNSLILNFQENDDGEQT,4,921.405326323366,14219966.625,20,36,14.035878,1,1
FO,4,1,DIQNFOGNTYNBDSNYNSLILNFQENDDGEQT,4,921.405326323366,14219966.625,20,36,14.035878,1,1
OG,5,1,DIQNFOGNTYNBDSNYNSLILNFQENDDGEQT,4,921.405326323366,14219966.625,20,36,14.035878,1,1
GN,6,0,DIQNFOGNTYNBDSNYNSLILNFQENDDGEQT,4,921.405326323366,14219966.625,20,36,14.035878,0,1
NT,7,1,DIQNFOGNTYNBDSNYNSLILNFQENDDGEQT,4,921.405326323366,14219966.625,20,36,14.035878,1,1
TY,8,1,DIQNFOGNTYNBDSNYNSLILNFQENDDGEQT,4,921.405326323366,14219966.625,20,36,14.035878,1,1
YN,9,1,DIQNFOGNTYNBDSNYNSLILNFQENDDGEQT,4,921.405326323366,14219966.625,20,36,14.035878,1,1
NB,10,1,DIQNFOGNTYNBDSNYNSLILNFQENDDGEQT,4,921.405326323366,14219966.625,20,36,14.035878,1,1
BD,11,0,DIQNFOGNTYNBDSNYNSLILNFQENDDGEQT,4,921.405326323366,14219966.625,20,36,14.035878,0,1
DS,12,0,DIQNFOGNTYNBDSNYNSLILNFQENDDGEQT,4,921.405326323366,14219966.625,20,36,14.035878,0,1
SN,13,0,DIQNFOGNTYNBDSNYNSLILNFQENDDGEQT,4,921.405326323366,14219966.625,20,36,14.035878,0,1
NY,14,1,DIQNFOGNTYNBDSNYNSLILNFQENDDGEQT,4,921.405326323366,14219966.625,20,36,14.035878,1,1
YN,15,1,DIQNFOGNTYNBDSNYNSLILNFQENDDGEQT,4,921.405326323366,14219966.625,20,36,14.035878,1,1
NS,16,1,DIQNFOGNTYNBDSNYNSLILNFQENDDGEQT,4,921.405326323366,14219966.625,20,36,14.035878,1,1
SL,17,1,DIQNFOGNTYNBDSNYNSLILNFQENDDGEQT,4,921.405326323366,14219966.625,20,36,14.035878,1,1
LI,18,1,DIQNFOGNTYNBDSNYNSLILNFQENDDGEQT,4,921.405326323366,14219966.625,20,36,14.035878,1,1
IL,19,1,DIQNFOGNTYNBDSNYNSLILNFQENDDGEQT,4,921.405326323366,14219966.625,20,36,14.035878,1,1
LN,20,1,DIQNFOGNTYNBDSNYNSLILNFQENDDGEQT,4,921.405326323366,14219966.625,20,36,14.035878,1,1
NF,21,1,DIQNFOGNTYNBDSNYNSLILNFQENDDGEQT,4,921.405326323366,14219966.625,20,36,14.035878,1,1
FQ,22,1,DIQNFOGNTYNBDSNYNSLILNFQENDDGEQT,4,921.405326323366,14219966.625,20,36,14.035878,1,1
QE,23,1,DIQNFOGNTYNBDSNYNSLILNFQENDDGEQT,4,921.405326323366,14219966.625,20,36,14.035878,1,1
EN,24,1,DIQNFOGNTYNBDSNYNSLILNFQENDDGEQT,4,921.405326323366,14219966.625,20,36,14.035878,1,1
ND,25,1,DIQNFOGNTYNBDSNYNSLILNFQENDDGEQT,4,921.405326323366,14219966.625,20,36,14.035878,1,1
DD,26,1,DIQNFOGNTYNBDSNYNSLILNFQENDDGEQT,4,921.405326323366,14219966.625,20,36,14.035878,1,1
DG,27,1,DIQNFOGNTYNBDSNYNSLILNFQENDDGEQT,4,921.405326323366,14219966.625,20,36,14.035878,1,1
GE,28,1,DIQNFOGNTYNBDSNYNSLILNFQENDDGEQT,4,921.405326323366,14219966.625,20,36,14.035878,1,1
EQ,29,0,DIQNFOGNTYNBDSNYNSLILNFQENDDGEQT,4,921.405326323366,14219966.625,20,36,14.035878,0,1
QT,30,0,DIQNFOGNTYNBDSNYNSLILNFQENDDGEQT,4,921.405326323366,14219966.625,20,36,14.035878,0,1
DI,0,0,DIQNFOGNTYNBDSNYNSLILNFQENDDGEQT,4,921.405326323366,12086031.45508,20,38,14.673909,0,1
IQ,1,0,DIQNFOGNTYNBDSNYNSLILNFQENDDGEQT,4,921.405326323366,12086031.45508,20,38,14.673909,0,1
QN,2,1,DIQNFOGNTYNBDSNYNSLILNFQENDDGEQT,4,921.405326323366,12086031.45508,20,38,14.673909,1,1
NF,3,1,DIQNFOGNTYNBDSNYNSLILNFQENDDGEQT,4,921.405326323366,12086031.45508,20,38,14.673909,1,1
FO,4,1,DIQNFOGNTYNBDSNYNSLILNFQENDDGEQT,4,921.405326323366,12086031.45508,20,38,14.673909,1,1
OG,5,1,DIQNFOGNTYNBDSNYNSLILNFQENDDGEQT,4,921.405326323366,12086031.45508,20,38,14.673909,1,1
GN,6,0,DIQNFOGNTYNBDSNYNSLILNFQENDDGEQT,4,921.405326323366,12086031.45508,20,38,14.673909,0,1
NT,7,1,DIQNFOGNTYNBDSNYNSLILNFQENDDGEQT,4,921.405326323366,12086031.45508,20,38,14.673909,1,1
TY,8,1,DIQNFOGNTYNBDSNYNSLILNFQENDDGEQT,4,921.405326323366,12086031.45508,20,38,14.673909,1,1
YN,9,1,DIQNFOGNTYNBDSNYNSLILNFQENDDGEQT,4,921.405326323366,12086031.45508,20,38,14.673909,1,1
NB,10,1,DIQNFOGNTYNBDSNYNSLILNFQENDDGEQT,4,921.405326323366,12086031.45508,20,38,14.673909,1,1
BD,11,0,DIQNFOGNTYNBDSNYNSLILNFQENDDGEQT,4,921.405326323366,12086031.45508,20,38,14.673909,0,1
DS,12,1,DIQNFOGNTYNBDSNYNSLILNFQENDDGEQT,4,921.405326323366,12086031.45508,20,38,14.673909,1,1
SN,13,0,DIQNFOGNTYNBDSNYNSLILNFQENDDGEQT,4,921.405326323366,12086031.45508,20,38,14.673909,0,1
NY,14,1,DIQNFOGNTYNBDSNYNSLILNFQENDDGEQT,4,921.405326323366,12086031.45508,20,38,14.673909,1,1
YN,15,1,DIQNFOGNTYNBDSNYNSLILNFQENDDGEQT,4,921.405326323366,12086031.45508,20,38,14.673909,1,1
NS,16,1,DIQNFOGNTYNBDSNYNSLILNFQENDDGEQT,4,921.405326323366,12086031.45508,20,38,14.673909,1,1
SL,17,1,DIQNFOGNTYNBDSNYNSLILNFQENDDGEQT,4,921.405326323366,12086031.45508,20,38,14.673909,1,1
LI,18,1,DIQNFOGNTYNBDSNYNSLILNFQENDDGEQT,4,921.405326323366,12086031.45508,20,38,14.673909,1,1
IL,19,1,DIQNFOGNTYNBDSNYNSLILNFQENDDGEQT,4,921.405326323366,12086031.45508,20,38,14.673909,1,1
LN,20,1,DIQNFOGNTYNBDSNYNSLILNFQENDDGEQT,4,921.405326323366,12086031.45508,20,38,14.673909,1,1
NF,21,1,DIQNFOGNTYNBDSNYNSLILNFQENDDGEQT,4,921.405326323366,12086031.45508,20,38,14.673909,1,1
FQ,22,1,DIQNFOGNTYNBDSNYNSLILNFQENDDGEQT,4,921.405326323366,12086031.45508,20,38,14.673909,1,1
QE,23,1,DIQNFOGNTYNBDSNYNSLILNFQENDDGEQT,4,921.405326323366,12086031.45508,20,38,14.673909,1,1
EN,24,1,DIQNFOGNTYNBDSNYNSLILNFQENDDGEQT,4,921.405326323366,12086031.45508,20,38,14.673909,1,1
ND,25,1,DIQNFOGNTYNBDSNYNSLILNFQENDDGEQT,4,921.405326323366,12086031.45508,20,38,14.673909,1,1
DD,26,1,DIQNFOGNTYNBDSNYNSLILNFQENDDGEQT,4,921.405326323366,12086031.45508,20,38,14.673909,1,1
DG,27,1,DIQNFOGNTYNBDSNYNSLILNFQENDDGEQT,4,921.405326323366,12086031.45508,20,38,14.673909,1,1
GE,28,1,DIQNFOGNTYNBDSNYNSLILNFQENDDGEQT,4,921.405326323366,12086031.45508,20,38,14.673909,1,1
EQ,29,0,DIQNFOGNTYNBDSNYNSLILNFQENDDGEQT,4,921.405326323366,12086031.45508,20,38,14.673909,0,1
QT,30,0,DIQNFOGNTYNBDSNYNSLILNFQENDDGEQT,4,921.405326323366,12086031.45508,20,38,14.673909,0,1
DI,0,0,DIQNFOGNTYNBDSNYNSLILNFQENDDGEQT,4,921.405552376149,9215534.816406,20,40,15.318798,0,1
IQ,1,0,DIQNFOGNTYNBDSNYNSLILNFQENDDGEQT,4,921.405552376149,9215534.816406,20,40,15.318798,0,1
QN,2,1,DIQNFOGNTYNBDSNYNSLILNFQENDDGEQT,4,921.405552376149,9215534.816406,20,40,15.318798,1,1
NF,3,1,DIQNFOGNTYNBDSNYNSLILNFQENDDGEQT,4,921.405552376149,9215534.816406,20,40,15.318798,1,1
FO,4,1,DIQNFOGNTYNBDSNYNSLILNFQENDDGEQT,4,921.405552376149,9215534.816406,20,40,15.318798,1,1
OG,5,1,DIQNFOGNTYNBDSNYNSLILNFQENDDGEQT,4,921.405552376149,9215534.816406,20,40,15.318798,1,1
GN,6,1,DIQNFOGNTYNBDSNYNSLILNFQENDDGEQT,4,921.405552376149,9215534.816406,20,40,15.318798,1,1
NT,7,1,DIQNFOGNTYNBDSNYNSLILNFQENDDGEQT,4,921.405552376149,9215534.816406,20,40,15.318798,1,1
TY,8,1,DIQNFOGNTYNBDSNYNSLILNFQENDDGEQT,4,921.405552376149,9215534.816406,20,40,15.318798,1,1
YN,9,1,DIQNFOGNTYNBDSNYNSLILNFQENDDGEQT,4,921.405552376149,9215534.816406,20,40,15.318798,1,1
NB,10,1,DIQNFOGNTYNBDSNYNSLILNFQENDDGEQT,4,921.405552376149,9215534.816406,20,40,15.318798,1,1
BD,11,0,DIQNFOGNTYNBDSNYNSLILNFQENDDGEQT,4,921.405552376149,9215534.816406,20,40,15.318798,0,1
DS,12,0,DIQNFOGNTYNBDSNYNSLILNFQENDDGEQT,4,921.405552376149,9215534.816406,20,40,15.318798,0,1
SN,13,0,DIQNFOGNTYNBDSNYNSLILNFQENDDGEQT,4,921.405552376149,9215534.816406,20,40,15.318798,0,1
NY,14,1,DIQNFOGNTYNBDSNYNSLILNFQENDDGEQT,4,921.405552376149,9215534.816406,20,40,15.318798,1,1
YN,15,1,DIQNFOGNTYNBDSNYNSLILNFQENDDGEQT,4,921.405552376149,9215534.816406,20,40,15.318798,1,1
NS,16,1,DIQNFOGNTYNBDSNYNSLILNFQENDDGEQT,4,921.405552376149,9215534.816406,20,40,15.318798,1,1
SL,17,1,DIQNFOGNTYNBDSNYNSLILNFQENDDGEQT,4,921.405552376149,9215534.816406,20,40,15.318798,1,1
LI,18,1,DIQNFOGNTYNBDSNYNSLILNFQENDDGEQT,4,921.405552376149,9215534.816406,20,40,15.318798,1,1
IL,19,1,DIQNFOGNTYNBDSNYNSLILNFQENDDGEQT,4,921.405552376149,9215534.816406,20,40,15.318798,1,1
LN,20,1,DIQNFOGNTYNBDSNYNSLILNFQENDDGEQT,4,921.405552376149,9215534.816406,20,40,15.318798,1,1
NF,21,1,DIQNFOGNTYNBDSNYNSLILNFQENDDGEQT,4,921.405552376149,9215534.816406,20,40,15.318798,1,1
FQ,22,1,DIQNFOGNTYNBDSNYNSLILNFQENDDGEQT,4,921.405552376149,9215534.816406,20,40,15.318798,1,1
QE,23,1,DIQNFOGNTYNBDSNYNSLILNFQENDDGEQT,4,921.405552376149,9215534.816406,20,40,15.318798,1,1
EN,24,1,DIQNFOGNTYNBDSNYNSLILNFQENDDGEQT,4,921.405552376149,9215534.816406,20,40,15.318798,1,1
ND,25,1,DIQNFOGNTYNBDSNYNSLILNFQENDDGEQT,4,921.405552376149,9215534.816406,20,40,15.318798,1,1
DD,26,0,DIQNFOGNTYNBDSNYNSLILNFQENDDGEQT,4,921.405552376149,9215534.816406,20,40,15.318798,0,1
DG,27,1,DIQNFOGNTYNBDSNYNSLILNFQENDDGEQT,4,921.405552376149,9215534.816406,20,40,15.318798,1,1
GE,28,1,DIQNFOGNTYNBDSNYNSLILNFQENDDGEQT,4,921.405552376149,9215534.816406,20,40,15.318798,1,1
EQ,29,0,DIQNFOGNTYNBDSNYNSLILNFQENDDGEQT,4,921.405552376149,9215534.816406,20,40,15.318798,0,1
QT,30,0,DIQNFOGNTYNBDSNYNSLILNFQENDDGEQT,4,921.405552376149,9215534.816406,20,40,15.318798,0,1
DI,0,0,DIQNFOGNTYNBDSNYNSLILNFQENDDGEQT,3,1228.205861977607,7042119.370117,20,43,16.5933078,0,1
IQ,1,1,DIQNFOGNTYNBDSNYNSLILNFQENDDGEQT,3,1228.205861977607,7042119.370117,20,43,16.5933078,1,1
QN,2,1,DIQNFOGNTYNBDSNYNSLILNFQENDDGEQT,3,1228.205861977607,7042119.370117,20,43,16.5933078,1,1
NF,3,1,DIQNFOGNTYNBDSNYNSLILNFQENDDGEQT,3,1228.205861977607,7042119.370117,20,43,16.5933078,1,1
FO,4,1,DIQNFOGNTYNBDSNYNSLILNFQENDDGEQT,3,1228.205861977607,7042119.370117,20,43,16.5933078,1,1
OG,5,1,DIQNFOGNTYNBDSNYNSLILNFQENDDGEQT,3,1228.205861977607,7042119.370117,20,43,16.5933078,1,1
GN,6,0,DIQNFOGNTYNBDSNYNSLILNFQENDDGEQT,3,1228.205861977607,7042119.370117,20,43,16.5933078,0,1
NT,7,1,DIQNFOGNTYNBDSNYNSLILNFQENDDGEQT,3,1228.205861977607,7042119.370117,20,43,16.5933078,1,1
TY,8,1,DIQNFOGNTYNBDSNYNSLILNFQENDDGEQT,3,1228.205861977607,7042119.370117,20,43,16.5933078,1,1
YN,9,1,DIQNFOGNTYNBDSNYNSLILNFQENDDGEQT,3,1228.205861977607,7042119.370117,20,43,16.5933078,1,1
NB,10,1,DIQNFOGNTYNBDSNYNSLILNFQENDDGEQT,3,1228.205861977607,7042119.370117,20,43,16.5933078,1,1
BD,11,0,DIQNFOGNTYNBDSNYNSLILNFQENDDGEQT,3,1228.205861977607,7042119.370117,20,43,16.5933078,0,1
DS,12,0,DIQNFOGNTYNBDSNYNSLILNFQENDDGEQT,3,1228.205861977607,7042119.370117,20,43,16.5933078,0,1
SN,13,0,DIQNFOGNTYNBDSNYNSLILNFQENDDGEQT,3,1228.205861977607,7042119.370117,20,43,16.5933078,0,1
NY,14,1,DIQNFOGNTYNBDSNYNSLILNFQENDDGEQT,3,1228.205861977607,7042119.370117,20,43,16.5933078,1,1
YN,15,1,DIQNFOGNTYNBDSNYNSLILNFQENDDGEQT,3,1228.205861977607,7042119.370117,20,43,16.5933078,1,1
NS,16,1,DIQNFOGNTYNBDSNYNSLILNFQENDDGEQT,3,1228.205861977607,7042119.370117,20,43,16.5933078,1,1
SL,17,1,DIQNFOGNTYNBDSNYNSLILNFQENDDGEQT,3,1228.205861977607,7042119.370117,20,43,16.5933078,1,1
LI,18,1,DIQNFOGNTYNBDSNYNSLILNFQENDDGEQT,3,1228.205861977607,7042119.370117,20,43,16.5933078,1,1
IL,19,1,DIQNFOGNTYNBDSNYNSLILNFQENDDGEQT,3,1228.205861977607,7042119.370117,20,43,16.5933078,1,1
LN,20,1,DIQNFOGNTYNBDSNYNSLILNFQENDDGEQT,3,1228.205861977607,7042119.370117,20,43,16.5933078,1,1
NF,21,1,DIQNFOGNTYNBDSNYNSLILNFQENDDGEQT,3,1228.205861977607,7042119.370117,20,43,16.5933078,1,1
FQ,22,1,DIQNFOGNTYNBDSNYNSLILNFQENDDGEQT,3,1228.205861977607,7042119.370117,20,43,16.5933078,1,1
QE,23,1,DIQNFOGNTYNBDSNYNSLILNFQENDDGEQT,3,1228.205861977607,7042119.370117,20,43,16.5933078,1,1
EN,24,1,DIQNFOGNTYNBDSNYNSLILNFQENDDGEQT,3,1228.205861977607,7042119.370117,20,43,16.5933078,1,1
ND,25,1,DIQNFOGNTYNBDSNYNSLILNFQENDDGEQT,3,1228.205861977607,7042119.370117,20,43,16.5933078,1,1
DD,26,1,DIQNFOGNTYNBDSNYNSLILNFQENDDGEQT,3,1228.205861977607,7042119.370117,20,43,16.5933078,1,1
DG,27,0,DIQNFOGNTYNBDSNYNSLILNFQENDDGEQT,3,1228.205861977607,7042119.370117,20,43,16.5933078,0,0
GE,28,1,DIQNFOGNTYNBDSNYNSLILNFQENDDGEQT,3,1228.205861977607,7042119.370117,20,43,16.5933078,1,0
EQ,29,1,DIQNFOGNTYNBDSNYNSLILNFQENDDGEQT,3,1228.205861977607,7042119.370117,20,43,16.5933078,1,0
QT,30,0,DIQNFOGNTYNBDSNYNSLILNFQENDDGEQT,3,1228.205861977607,7042119.370117,20,43,16.5933078,0,0
DI,0,0,DIQNFOGNTYNBDSNYNSLILNFQENDDGEQT,4,921.405720844179,7362117.259766,20,44,16.6731012,0,1
IQ,1,0,DIQNFOGNTYNBDSNYNSLILNFQENDDGEQT,4,921.405720844179,7362117.259766,20,44,16.6731012,0,1
QN,2,1,DIQNFOGNTYNBDSNYNSLILNFQENDDGEQT,4,921.405720844179,7362117.259766,20,44,16.6731012,1,1
NF,3,1,DIQNFOGNTYNBDSNYNSLILNFQENDDGEQT,4,921.405720844179,7362117.259766,20,44,16.6731012,1,1
FO,4,1,DIQNFOGNTYNBDSNYNSLILNFQENDDGEQT,4,921.405720844179,7362117.259766,20,44,16.6731012,1,1
OG,5,1,DIQNFOGNTYNBDSNYNSLILNFQENDDGEQT,4,921.405720844179,7362117.259766,20,44,16.6731012,1,1
GN,6,0,DIQNFOGNTYNBDSNYNSLILNFQENDDGEQT,4,921.405720844179,7362117.259766,20,44,16.6731012,0,1
NT,7,1,DIQNFOGNTYNBDSNYNSLILNFQENDDGEQT,4,921.405720844179,7362117.259766,20,44,16.6731012,1,1
TY,8,0,DIQNFOGNTYNBDSNYNSLILNFQENDDGEQT,4,921.405720844179,7362117.259766,20,44,16.6731012,0,1
YN,9,1,DIQNFOGNTYNBDSNYNSLILNFQENDDGEQT,4,921.405720844179,7362117.259766,20,44,16.6731012,1,1
NB,10,1,DIQNFOGNTYNBDSNYNSLILNFQENDDGEQT,4,921.405720844179,7362117.259766,20,44,16.6731012,1,1
BD,11,0,DIQNFOGNTYNBDSNYNSLILNFQENDDGEQT,4,921.405720844179,7362117.259766,20,44,16.6731012,0,1
DS,12,1,DIQNFOGNTYNBDSNYNSLILNFQENDDGEQT,4,921.405720844179,7362117.259766,20,44,16.6731012,1,1
SN,13,0,DIQNFOGNTYNBDSNYNSLILNFQENDDGEQT,4,921.405720844179,7362117.259766,20,44,16.6731012,0,1
NY,14,1,DIQNFOGNTYNBDSNYNSLILNFQENDDGEQT,4,921.405720844179,7362117.259766,20,44,16.6731012,1,1
YN,15,1,DIQNFOGNTYNBDSNYNSLILNFQENDDGEQT,4,921.405720844179,7362117.259766,20,44,16.6731012,1,1
NS,16,1,DIQNFOGNTYNBDSNYNSLILNFQENDDGEQT,4,921.405720844179,7362117.259766,20,44,16.6731012,1,1
SL,17,1,DIQNFOGNTYNBDSNYNSLILNFQENDDGEQT,4,921.405720844179,7362117.259766,20,44,16.6731012,1,1
LI,18,1,DIQNFOGNTYNBDSNYNSLILNFQENDDGEQT,4,921.405720844179,7362117.259766,20,44,16.6731012,1,1
IL,19,1,DIQNFOGNTYNBDSNYNSLILNFQENDDGEQT,4,921.405720844179,7362117.259766,20,44,16.6731012,1,1
LN,20,1,DIQNFOGNTYNBDSNYNSLILNFQENDDGEQT,4,921.405720844179,7362117.259766,20,44,16.6731012,1,1
NF,21,1,DIQNFOGNTYNBDSNYNSLILNFQENDDGEQT,4,921.405720844179,7362117.259766,20,44,16.6731012,1,1
FQ,22,1,DIQNFOGNTYNBDSNYNSLILNFQENDDGEQT,4,921.405720844179,7362117.259766,20,44,16.6731012,1,1
QE,23,1,DIQNFOGNTYNBDSNYNSLILNFQENDDGEQT,4,921.405720844179,7362117.259766,20,44,16.6731012,1,1
EN,24,1,DIQNFOGNTYNBDSNYNSLILNFQENDDGEQT,4,921.405720844179,7362117.259766,20,44,16.6731012,1,1
ND,25,1,DIQNFOGNTYNBDSNYNSLILNFQENDDGEQT,4,921.405720844179,7362117.259766,20,44,16.6731012,1,1
DD,26,0,DIQNFOGNTYNBDSNYNSLILNFQENDDGEQT,4,921.405720844179,7362117.259766,20,44,16.6731012,0,1
DG,27,1,DIQNFOGNTYNBDSNYNSLILNFQENDDGEQT,4,921.405720844179,7362117.259766,20,44,16.6731012,1,1
GE,28,0,DIQNFOGNTYNBDSNYNSLILNFQENDDGEQT,4,921.405720844179,7362117.259766,20,44,16.6731012,0,1
EQ,29,0,DIQNFOGNTYNBDSNYNSLILNFQENDDGEQT,4,921.405720844179,7362117.259766,20,44,16.6731012,0,1
QT,30,0,DIQNFOGNTYNBDSNYNSLILNFQENDDGEQT,4,921.405720844179,7362117.259766,20,44,16.6731012,0,1
DI,0,0,DIQNFOGNTYNBDSNYNSLILNFQENDDGEQT,4,921.405916331126,5591192.8125,20,46,17.316687,0,1
IQ,1,0,DIQNFOGNTYNBDSNYNSLILNFQENDDGEQT,4,921.405916331126,5591192.8125,20,46,17.316687,0,1
QN,2,1,DIQNFOGNTYNBDSNYNSLILNFQENDDGEQT,4,921.405916331126,5591192.8125,20,46,17.316687,1,1
NF,3,1,DIQNFOGNTYNBDSNYNSLILNFQENDDGEQT,4,921.405916331126,5591192.8125,20,46,17.316687,1,1
FO,4,1,DIQNFOGNTYNBDSNYNSLILNFQENDDGEQT,4,921.405916331126,5591192.8125,20,46,17.316687,1,1
OG,5,1,DIQNFOGNTYNBDSNYNSLILNFQENDDGEQT,4,921.405916331126,5591192.8125,20,46,17.316687,1,1
GN,6,0,DIQNFOGNTYNBDSNYNSLILNFQENDDGEQT,4,921.405916331126,5591192.8125,20,46,17.316687,0,1
NT,7,1,DIQNFOGNTYNBDSNYNSLILNFQENDDGEQT,4,921.405916331126,5591192.8125,20,46,17.316687,1,1
TY,8,1,DIQNFOGNTYNBDSNYNSLILNFQENDDGEQT,4,921.405916331126,5591192.8125,20,46,17.316687,1,1
YN,9,1,DIQNFOGNTYNBDSNYNSLILNFQENDDGEQT,4,921.405916331126,5591192.8125,20,46,17.316687,1,1
NB,10,0,DIQNFOGNTYNBDSNYNSLILNFQENDDGEQT,4,921.405916331126,5591192.8125,20,46,17.316687,0,1
BD,11,0,DIQNFOGNTYNBDSNYNSLILNFQENDDGEQT,4,921.405916331126,5591192.8125,20,46,17.316687,0,1
DS,12,0,DIQNFOGNTYNBDSNYNSLILNFQENDDGEQT,4,921.405916331126,5591192.8125,20,46,17.316687,0,1
SN,13,0,DIQNFOGNTYNBDSNYNSLILNFQENDDGEQT,4,921.405916331126,5591192.8125,20,46,17.316687,0,1
NY,14,1,DIQNFOGNTYNBDSNYNSLILNFQENDDGEQT,4,921.405916331126,5591192.8125,20,46,17.316687,1,1
YN,15,1,DIQNFOGNTYNBDSNYNSLILNFQENDDGEQT,4,921.405916331126,5591192.8125,20,46,17.316687,1,1
NS,16,1,DIQNFOGNTYNBDSNYNSLILNFQENDDGEQT,4,921.405916331126,5591192.8125,20,46,17.316687,1,1
SL,17,1,DIQNFOGNTYNBDSNYNSLILNFQENDDGEQT,4,921.405916331126,5591192.8125,20,46,17.316687,1,1
LI,18,1,DIQNFOGNTYNBDSNYNSLILNFQENDDGEQT,4,921.405916331126,5591192.8125,20,46,17.316687,1,1
IL,19,1,DIQNFOGNTYNBDSNYNSLILNFQENDDGEQT,4,921.405916331126,5591192.8125,20,46,17.316687,1,1
LN,20,1,DIQNFOGNTYNBDSNYNSLILNFQENDDGEQT,4,921.405916331126,5591192.8125,20,46,17.316687,1,1
NF,21,1,DIQNFOGNTYNBDSNYNSLILNFQENDDGEQT,4,921.405916331126,5591192.8125,20,46,17.316687,1,1
FQ,22,1,DIQNFOGNTYNBDSNYNSLILNFQENDDGEQT,4,921.405916331126,5591192.8125,20,46,17.316687,1,1
QE,23,1,DIQNFOGNTYNBDSNYNSLILNFQENDDGEQT,4,921.405916331126,5591192.8125,20,46,17.316687,1,1
EN,24,1,DIQNFOGNTYNBDSNYNSLILNFQENDDGEQT,4,921.405916331126,5591192.8125,20,46,17.316687,1,1
ND,25,0,DIQNFOGNTYNBDSNYNSLILNFQENDDGEQT,4,921.405916331126,5591192.8125,20,46,17.316687,0,1
DD,26,0,DIQNFOGNTYNBDSNYNSLILNFQENDDGEQT,4,921.405916331126,5591192.8125,20,46,17.316687,0,1
DG,27,1,DIQNFOGNTYNBDSNYNSLILNFQENDDGEQT,4,921.405916331126,5591192.8125,20,46,17.316687,1,1
GE,28,0,DIQNFOGNTYNBDSNYNSLILNFQENDDGEQT,4,921.405916331126,5591192.8125,20,46,17.316687,0,1
EQ,29,0,DIQNFOGNTYNBDSNYNSLILNFQENDDGEQT,4,921.405916331126,5591192.8125,20,46,17.316687,0,1
QT,30,0,DIQNFOGNTYNBDSNYNSLILNFQENDDGEQT,4,921.405916331126,5591192.8125,20,46,17.316687,0,1
DI,0,0,DIQNFOGNTYNBDSNYNSLILNFQENDDGEQT,3,1228.205495290413,5496373.859375,20,47,17.4319518,0,1
IQ,1,1,DIQNFOGNTYNBDSNYNSLILNFQENDDGEQT,3,1228.205495290413,5496373.859375,20,47,17.4319518,1,1
QN,2,1,DIQNFOGNTYNBDSNYNSLILNFQENDDGEQT,3,1228.205495290413,5496373.859375,20,47,17.4319518,1,1
NF,3,1,DIQNFOGNTYNBDSNYNSLILNFQENDDGEQT,3,1228.205495290413,5496373.859375,20,47,17.4319518,1,1
FO,4,1,DIQNFOGNTYNBDSNYNSLILNFQENDDGEQT,3,1228.205495290413,5496373.859375,20,47,17.4319518,1,1
OG,5,1,DIQNFOGNTYNBDSNYNSLILNFQENDDGEQT,3,1228.205495290413,5496373.859375,20,47,17.4319518,1,1
GN,6,0,DIQNFOGNTYNBDSNYNSLILNFQENDDGEQT,3,1228.205495290413,5496373.859375,20,47,17.4319518,0,1
NT,7,1,DIQNFOGNTYNBDSNYNSLILNFQENDDGEQT,3,1228.205495290413,5496373.859375,20,47,17.4319518,1,1
TY,8,1,DIQNFOGNTYNBDSNYNSLILNFQENDDGEQT,3,1228.205495290413,5496373.859375,20,47,17.4319518,1,1
YN,9,1,DIQNFOGNTYNBDSNYNSLILNFQENDDGEQT,3,1228.205495290413,5496373.859375,20,47,17.4319518,1,1
NB,10,1,DIQNFOGNTYNBDSNYNSLILNFQENDDGEQT,3,1228.205495290413,5496373.859375,20,47,17.4319518,1,1
BD,11,0,DIQNFOGNTYNBDSNYNSLILNFQENDDGEQT,3,1228.205495290413,5496373.859375,20,47,17.4319518,0,1
DS,12,0,DIQNFOGNTYNBDSNYNSLILNFQENDDGEQT,3,1228.205495290413,5496373.859375,20,47,17.4319518,0,1
SN,13,0,DIQNFOGNTYNBDSNYNSLILNFQENDDGEQT,3,1228.205495290413,5496373.859375,20,47,17.4319518,0,1
NY,14,0,DIQNFOGNTYNBDSNYNSLILNFQENDDGEQT,3,1228.205495290413,5496373.859375,20,47,17.4319518,0,1
YN,15,1,DIQNFOGNTYNBDSNYNSLILNFQENDDGEQT,3,1228.205495290413,5496373.859375,20,47,17.4319518,1,1
NS,16,1,DIQNFOGNTYNBDSNYNSLILNFQENDDGEQT,3,1228.205495290413,5496373.859375,20,47,17.4319518,1,1
SL,17,1,DIQNFOGNTYNBDSNYNSLILNFQENDDGEQT,3,1228.205495290413,5496373.859375,20,47,17.4319518,1,1
LI,18,1,DIQNFOGNTYNBDSNYNSLILNFQENDDGEQT,3,1228.205495290413,5496373.859375,20,47,17.4319518,1,1
IL,19,1,DIQNFOGNTYNBDSNYNSLILNFQENDDGEQT,3,1228.205495290413,5496373.859375,20,47,17.4319518,1,1
LN,20,1,DIQNFOGNTYNBDSNYNSLILNFQENDDGEQT,3,1228.205495290413,5496373.859375,20,47,17.4319518,1,1
NF,21,1,DIQNFOGNTYNBDSNYNSLILNFQENDDGEQT,3,1228.205495290413,5496373.859375,20,47,17.4319518,1,1
FQ,22,1,DIQNFOGNTYNBDSNYNSLILNFQENDDGEQT,3,1228.205495290413,5496373.859375,20,47,17.4319518,1,1
QE,23,1,DIQNFOGNTYNBDSNYNSLILNFQENDDGEQT,3,1228.205495290413,5496373.859375,20,47,17.4319518,1,1
EN,24,1,DIQNFOGNTYNBDSNYNSLILNFQENDDGEQT,3,1228.205495290413,5496373.859375,20,47,17.4319518,1,1
ND,25,0,DIQNFOGNTYNBDSNYNSLILNFQENDDGEQT,3,1228.205495290413,5496373.859375,20,47,17.4319518,0,1
DD,26,0,DIQNFOGNTYNBDSNYNSLILNFQENDDGEQT,3,1228.205495290413,5496373.859375,20,47,17.4319518,0,0
DG,27,1,DIQNFOGNTYNBDSNYNSLILNFQENDDGEQT,3,1228.205495290413,5496373.859375,20,47,17.4319518,1,0
GE,28,0,DIQNFOGNTYNBDSNYNSLILNFQENDDGEQT,3,1228.205495290413,5496373.859375,20,47,17.4319518,0,0
EQ,29,1,DIQNFOGNTYNBDSNYNSLILNFQENDDGEQT,3,1228.205495290413,5496373.859375,20,47,17.4319518,1,0
QT,30,0,DIQNFOGNTYNBDSNYNSLILNFQENDDGEQT,3,1228.205495290413,5496373.859375,20,47,17.4319518,0,0
DI,0,0,DIQNFOGNTYNBDSNYNSLILNFQENDDGEQT,3,1228.205495290413,4746557.94043,20,49,18.080559,0,1
IQ,1,1,DIQNFOGNTYNBDSNYNSLILNFQENDDGEQT,3,1228.205495290413,4746557.94043,20,49,18.080559,1,1
QN,2,1,DIQNFOGNTYNBDSNYNSLILNFQENDDGEQT,3,1228.205495290413,4746557.94043,20,49,18.080559,1,1
NF,3,1,DIQNFOGNTYNBDSNYNSLILNFQENDDGEQT,3,1228.205495290413,4746557.94043,20,49,18.080559,1,1
FO,4,1,DIQNFOGNTYNBDSNYNSLILNFQENDDGEQT,3,1228.205495290413,4746557.94043,20,49,18.080559,1,1
OG,5,1,DIQNFOGNTYNBDSNYNSLILNFQENDDGEQT,3,1228.205495290413,4746557.94043,20,49,18.080559,1,1
GN,6,0,DIQNFOGNTYNBDSNYNSLILNFQENDDGEQT,3,1228.205495290413,4746557.94043,20,49,18.080559,0,1
NT,7,1,DIQNFOGNTYNBDSNYNSLILNFQENDDGEQT,3,1228.205495290413,4746557.94043,20,49,18.080559,1,1
TY,8,1,DIQNFOGNTYNBDSNYNSLILNFQENDDGEQT,3,1228.205495290413,4746557.94043,20,49,18.080559,1,1
YN,9,1,DIQNFOGNTYNBDSNYNSLILNFQENDDGEQT,3,1228.205495290413,4746557.94043,20,49,18.080559,1,1
NB,10,1,DIQNFOGNTYNBDSNYNSLILNFQENDDGEQT,3,1228.205495290413,4746557.94043,20,49,18.080559,1,1
BD,11,0,DIQNFOGNTYNBDSNYNSLILNFQENDDGEQT,3,1228.205495290413,4746557.94043,20,49,18.080559,0,1
DS,12,0,DIQNFOGNTYNBDSNYNSLILNFQENDDGEQT,3,1228.205495290413,4746557.94043,20,49,18.080559,0,1
SN,13,0,DIQNFOGNTYNBDSNYNSLILNFQENDDGEQT,3,1228.205495290413,4746557.94043,20,49,18.080559,0,1
NY,14,1,DIQNFOGNTYNBDSNYNSLILNFQENDDGEQT,3,1228.205495290413,4746557.94043,20,49,18.080559,1,1
YN,15,0,DIQNFOGNTYNBDSNYNSLILNFQENDDGEQT,3,1228.205495290413,4746557.94043,20,49,18.080559,0,1
NS,16,1,DIQNFOGNTYNBDSNYNSLILNFQENDDGEQT,3,1228.205495290413,4746557.94043,20,49,18.080559,1,1
SL,17,1,DIQNFOGNTYNBDSNYNSLILNFQENDDGEQT,3,1228.205495290413,4746557.94043,20,49,18.080559,1,1
LI,18,1,DIQNFOGNTYNBDSNYNSLILNFQENDDGEQT,3,1228.205495290413,4746557.94043,20,49,18.080559,1,1
IL,19,1,DIQNFOGNTYNBDSNYNSLILNFQENDDGEQT,3,1228.205495290413,4746557.94043,20,49,18.080559,1,1
LN,20,1,DIQNFOGNTYNBDSNYNSLILNFQENDDGEQT,3,1228.205495290413,4746557.94043,20,49,18.080559,1,1
NF,21,1,DIQNFOGNTYNBDSNYNSLILNFQENDDGEQT,3,1228.205495290413,4746557.94043,20,49,18.080559,1,1
FQ,22,1,DIQNFOGNTYNBDSNYNSLILNFQENDDGEQT,3,1228.205495290413,4746557.94043,20,49,18.080559,1,1
QE,23,1,DIQNFOGNTYNBDSNYNSLILNFQENDDGEQT,3,1228.205495290413,4746557.94043,20,49,18.080559,1,1
EN,24,1,DIQNFOGNTYNBDSNYNSLILNFQENDDGEQT,3,1228.205495290413,4746557.94043,20,49,18.080559,1,1
ND,25,0,DIQNFOGNTYNBDSNYNSLILNFQENDDGEQT,3,1228.205495290413,4746557.94043,20,49,18.080559,0,1
DD,26,1,DIQNFOGNTYNBDSNYNSLILNFQENDDGEQT,3,1228.205495290413,4746557.94043,20,49,18.080559,1,0
DG,27,1,DIQNFOGNTYNBDSNYNSLILNFQENDDGEQT,3,1228.205495290413,4746557.94043,20,49,18.080559,1,0
GE,28,0,DIQNFOGNTYNBDSNYNSLILNFQENDDGEQT,3,1228.205495290413,4746557.94043,20,49,18.080559,0,0
EQ,29,1,DIQNFOGNTYNBDSNYNSLILNFQENDDGEQT,3,1228.205495290413,4746557.94043,20,49,18.080559,1,0
QT,30,0,DIQNFOGNTYNBDSNYNSLILNFQENDDGEQT,3,1228.205495290413,4746557.94043,20,49,18.080559,0,0
DI,0,0,DIQNFOGNTYNBDSNYNSLILNFQENDDGEQT,4,921.405507867907,5160346.433105,20,50,18.1602966,0,1
IQ,1,0,DIQNFOGNTYNBDSNYNSLILNFQENDDGEQT,4,921.405507867907,5160346.433105,20,50,18.1602966,0,1
QN,2,1,DIQNFOGNTYNBDSNYNSLILNFQENDDGEQT,4,921.405507867907,5160346.433105,20,50,18.1602966,1,1
NF,3,1,DIQNFOGNTYNBDSNYNSLILNFQENDDGEQT,4,921.405507867907,5160346.433105,20,50,18.1602966,1,1
FO,4,1,DIQNFOGNTYNBDSNYNSLILNFQENDDGEQT,4,921.405507867907,5160346.433105,20,50,18.1602966,1,1
OG,5,1,DIQNFOGNTYNBDSNYNSLILNFQENDDGEQT,4,921.405507867907,5160346.433105,20,50,18.1602966,1,1
GN,6,0,DIQNFOGNTYNBDSNYNSLILNFQENDDGEQT,4,921.405507867907,5160346.433105,20,50,18.1602966,0,1
NT,7,0,DIQNFOGNTYNBDSNYNSLILNFQENDDGEQT,4,921.405507867907,5160346.433105,20,50,18.1602966,0,1
TY,8,0,DIQNFOGNTYNBDSNYNSLILNFQENDDGEQT,4,921.405507867907,5160346.433105,20,50,18.1602966,0,1
YN,9,0,DIQNFOGNTYNBDSNYNSLILNFQENDDGEQT,4,921.405507867907,5160346.433105,20,50,18.1602966,0,1
NB,10,1,DIQNFOGNTYNBDSNYNSLILNFQENDDGEQT,4,921.405507867907,5160346.433105,20,50,18.1602966,1,1
BD,11,0,DIQNFOGNTYNBDSNYNSLILNFQENDDGEQT,4,921.405507867907,5160346.433105,20,50,18.1602966,0,1
DS,12,0,DIQNFOGNTYNBDSNYNSLILNFQENDDGEQT,4,921.405507867907,5160346.433105,20,50,18.1602966,0,1
SN,13,0,DIQNFOGNTYNBDSNYNSLILNFQENDDGEQT,4,921.405507867907,5160346.433105,20,50,18.1602966,0,1
NY,14,1,DIQNFOGNTYNBDSNYNSLILNFQENDDGEQT,4,921.405507867907,5160346.433105,20,50,18.1602966,1,1
YN,15,1,DIQNFOGNTYNBDSNYNSLILNFQENDDGEQT,4,921.405507867907,5160346.433105,20,50,18.1602966,1,1
NS,16,1,DIQNFOGNTYNBDSNYNSLILNFQENDDGEQT,4,921.405507867907,5160346.433105,20,50,18.1602966,1,1
SL,17,1,DIQNFOGNTYNBDSNYNSLILNFQENDDGEQT,4,921.405507867907,5160346.433105,20,50,18.1602966,1,1
LI,18,1,DIQNFOGNTYNBDSNYNSLILNFQENDDGEQT,4,921.405507867907,5160346.433105,20,50,18.1602966,1,1
IL,19,1,DIQNFOGNTYNBDSNYNSLILNFQENDDGEQT,4,921.405507867907,5160346.433105,20,50,18.1602966,1,1
LN,20,1,DIQNFOGNTYNBDSNYNSLILNFQENDDGEQT,4,921.405507867907,5160346.433105,20,50,18.1602966,1,1
NF,21,1,DIQNFOGNTYNBDSNYNSLILNFQENDDGEQT,4,921.405507867907,5160346.433105,20,50,18.1602966,1,1
FQ,22,1,DIQNFOGNTYNBDSNYNSLILNFQENDDGEQT,4,921.405507867907,5160346.433105,20,50,18.1602966,1,1
QE,23,1,DIQNFOGNTYNBDSNYNSLILNFQENDDGEQT,4,921.405507867907,5160346.433105,20,50,18.1602966,1,1
EN,24,1,DIQNFOGNTYNBDSNYNSLILNFQENDDGEQT,4,921.405507867907,5160346.433105,20,50,18.1602966,1,1
ND,25,1,DIQNFOGNTYNBDSNYNSLILNFQENDDGEQT,4,921.405507867907,5160346.433105,20,50,18.1602966,1,1
DD,26,0,DIQNFOGNTYNBDSNYNSLILNFQENDDGEQT,4,921.405507867907,5160346.433105,20,50,18.1602966,0,1
DG,27,1,DIQNFOGNTYNBDSNYNSLILNFQENDDGEQT,4,921.405507867907,5160346.433105,20,50,18.1602966,1,1
GE,28,1,DIQNFOGNTYNBDSNYNSLILNFQENDDGEQT,4,921.405507867907,5160346.433105,20,50,18.1602966,1,1
EQ,29,0,DIQNFOGNTYNBDSNYNSLILNFQENDDGEQT,4,921.405507867907,5160346.433105,20,50,18.1602966,0,1
QT,30,0,DIQNFOGNTYNBDSNYNSLILNFQENDDGEQT,4,921.405507867907,5160346.433105,20,50,18.1602966,0,0
DI,0,0,DIQNFOGNTYNBDSNYNSLILNFQENDDGEQT,3,1228.205537638325,4459966.137695,20,52,18.8106522,0,1
IQ,1,1,DIQNFOGNTYNBDSNYNSLILNFQENDDGEQT,3,1228.205537638325,4459966.137695,20,52,18.8106522,1,1
QN,2,1,DIQNFOGNTYNBDSNYNSLILNFQENDDGEQT,3,1228.205537638325,4459966.137695,20,52,18.8106522,1,1
NF,3,1,DIQNFOGNTYNBDSNYNSLILNFQENDDGEQT,3,1228.205537638325,4459966.137695,20,52,18.8106522,1,1
FO,4,1,DIQNFOGNTYNBDSNYNSLILNFQENDDGEQT,3,1228.205537638325,4459966.137695,20,52,18.8106522,1,1
OG,5,1,DIQNFOGNTYNBDSNYNSLILNFQENDDGEQT,3,1228.205537638325,4459966.137695,20,52,18.8106522,1,1
GN,6,0,DIQNFOGNTYNBDSNYNSLILNFQENDDGEQT,3,1228.205537638325,4459966.137695,20,52,18.8106522,0,1
NT,7,1,DIQNFOGNTYNBDSNYNSLILNFQENDDGEQT,3,1228.205537638325,4459966.137695,20,52,18.8106522,1,1
TY,8,0,DIQNFOGNTYNBDSNYNSLILNFQENDDGEQT,3,1228.205537638325,4459966.137695,20,52,18.8106522,0,1
YN,9,1,DIQNFOGNTYNBDSNYNSLILNFQENDDGEQT,3,1228.205537638325,4459966.137695,20,52,18.8106522,1,1
NB,10,1,DIQNFOGNTYNBDSNYNSLILNFQENDDGEQT,3,1228.205537638325,4459966.137695,20,52,18.8106522,1,1
BD,11,0,DIQNFOGNTYNBDSNYNSLILNFQENDDGEQT,3,1228.205537638325,4459966.137695,20,52,18.8106522,0,1
DS,12,0,DIQNFOGNTYNBDSNYNSLILNFQENDDGEQT,3,1228.205537638325,4459966.137695,20,52,18.8106522,0,1
SN,13,0,DIQNFOGNTYNBDSNYNSLILNFQENDDGEQT,3,1228.205537638325,4459966.137695,20,52,18.8106522,0,1
NY,14,1,DIQNFOGNTYNBDSNYNSLILNFQENDDGEQT,3,1228.205537638325,4459966.137695,20,52,18.8106522,1,1
YN,15,0,DIQNFOGNTYNBDSNYNSLILNFQENDDGEQT,3,1228.205537638325,4459966.137695,20,52,18.8106522,0,1
NS,16,1,DIQNFOGNTYNBDSNYNSLILNFQENDDGEQT,3,1228.205537638325,4459966.137695,20,52,18.8106522,1,1
SL,17,1,DIQNFOGNTYNBDSNYNSLILNFQENDDGEQT,3,1228.205537638325,4459966.137695,20,52,18.8106522,1,1
LI,18,1,DIQNFOGNTYNBDSNYNSLILNFQENDDGEQT,3,1228.205537638325,4459966.137695,20,52,18.8106522,1,1
IL,19,1,DIQNFOGNTYNBDSNYNSLILNFQENDDGEQT,3,1228.205537638325,4459966.137695,20,52,18.8106522,1,1
LN,20,1,DIQNFOGNTYNBDSNYNSLILNFQENDDGEQT,3,1228.205537638325,4459966.137695,20,52,18.8106522,1,1
NF,21,1,DIQNFOGNTYNBDSNYNSLILNFQENDDGEQT,3,1228.205537638325,4459966.137695,20,52,18.8106522,1,1
FQ,22,1,DIQNFOGNTYNBDSNYNSLILNFQENDDGEQT,3,1228.205537638325,4459966.137695,20,52,18.8106522,1,1
QE,23,1,DIQNFOGNTYNBDSNYNSLILNFQENDDGEQT,3,1228.205537638325,4459966.137695,20,52,18.8106522,1,1
EN,24,1,DIQNFOGNTYNBDSNYNSLILNFQENDDGEQT,3,1228.205537638325,4459966.137695,20,52,18.8106522,1,1
ND,25,1,DIQNFOGNTYNBDSNYNSLILNFQENDDGEQT,3,1228.205537638325,4459966.137695,20,52,18.8106522,1,1
DD,26,0,DIQNFOGNTYNBDSNYNSLILNFQENDDGEQT,3,1228.205537638325,4459966.137695,20,52,18.8106522,0,0
DG,27,1,DIQNFOGNTYNBDSNYNSLILNFQENDDGEQT,3,1228.205537638325,4459966.137695,20,52,18.8106522,1,0
GE,28,0,DIQNFOGNTYNBDSNYNSLILNFQENDDGEQT,3,1228.205537638325,4459966.137695,20,52,18.8106522,0,0
EQ,29,1,DIQNFOGNTYNBDSNYNSLILNFQENDDGEQT,3,1228.205537638325,4459966.137695,20,52,18.8106522,1,0
QT,30,0,DIQNFOGNTYNBDSNYNSLILNFQENDDGEQT,3,1228.205537638325,4459966.137695,20,52,18.8106522,0,0
DI,0,0,DIQNFOGNTYNBDSNYNSLILNFQENDDGEQT,3,1228.205647063804,3895332.113281,20,54,19.4657832,0,1
IQ,1,1,DIQNFOGNTYNBDSNYNSLILNFQENDDGEQT,3,1228.205647063804,3895332.113281,20,54,19.4657832,1,1
QN,2,1,DIQNFOGNTYNBDSNYNSLILNFQENDDGEQT,3,1228.205647063804,3895332.113281,20,54,19.4657832,1,1
NF,3,1,DIQNFOGNTYNBDSNYNSLILNFQENDDGEQT,3,1228.205647063804,3895332.113281,20,54,19.4657832,1,1
FO,4,1,DIQNFOGNTYNBDSNYNSLILNFQENDDGEQT,3,1228.205647063804,3895332.113281,20,54,19.4657832,1,1
OG,5,1,DIQNFOGNTYNBDSNYNSLILNFQENDDGEQT,3,1228.205647063804,3895332.113281,20,54,19.4657832,1,1
GN,6,0,DIQNFOGNTYNBDSNYNSLILNFQENDDGEQT,3,1228.205647063804,3895332.113281,20,54,19.4657832,0,1
NT,7,1,DIQNFOGNTYNBDSNYNSLILNFQENDDGEQT,3,1228.205647063804,3895332.113281,20,54,19.4657832,1,1
TY,8,1,DIQNFOGNTYNBDSNYNSLILNFQENDDGEQT,3,1228.205647063804,3895332.113281,20,54,19.4657832,1,1
YN,9,0,DIQNFOGNTYNBDSNYNSLILNFQENDDGEQT,3,1228.205647063804,3895332.113281,20,54,19.4657832,0,1
NB,10,0,DIQNFOGNTYNBDSNYNSLILNFQENDDGEQT,3,1228.205647063804,3895332.113281,20,54,19.4657832,0,1
BD,11,0,DIQNFOGNTYNBDSNYNSLILNFQENDDGEQT,3,1228.205647063804,3895332.113281,20,54,19.4657832,0,1
DS,12,0,DIQNFOGNTYNBDSNYNSLILNFQENDDGEQT,3,1228.205647063804,3895332.113281,20,54,19.4657832,0,1
SN,13,0,DIQNFOGNTYNBDSNYNSLILNFQENDDGEQT,3,1228.205647063804,3895332.113281,20,54,19.4657832,0,1
NY,14,1,DIQNFOGNTYNBDSNYNSLILNFQENDDGEQT,3,1228.205647063804,3895332.113281,20,54,19.4657832,1,1
YN,15,0,DIQNFOGNTYNBDSNYNSLILNFQENDDGEQT,3,1228.205647063804,3895332.113281,20,54,19.4657832,0,1
NS,16,1,DIQNFOGNTYNBDSNYNSLILNFQENDDGEQT,3,1228.205647063804,3895332.113281,20,54,19.4657832,1,1
SL,17,1,DIQNFOGNTYNBDSNYNSLILNFQENDDGEQT,3,1228.205647063804,3895332.113281,20,54,19.4657832,1,1
LI,18,1,DIQNFOGNTYNBDSNYNSLILNFQENDDGEQT,3,1228.205647063804,3895332.113281,20,54,19.4657832,1,1
IL,19,1,DIQNFOGNTYNBDSNYNSLILNFQENDDGEQT,3,1228.205647063804,3895332.113281,20,54,19.4657832,1,1
LN,20,1,DIQNFOGNTYNBDSNYNSLILNFQENDDGEQT,3,1228.205647063804,3895332.113281,20,54,19.4657832,1,1
NF,21,1,DIQNFOGNTYNBDSNYNSLILNFQENDDGEQT,3,1228.205647063804,3895332.113281,20,54,19.4657832,1,1
FQ,22,1,DIQNFOGNTYNBDSNYNSLILNFQENDDGEQT,3,1228.205647063804,3895332.113281,20,54,19.4657832,1,1
QE,23,1,DIQNFOGNTYNBDSNYNSLILNFQENDDGEQT,3,1228.205647063804,3895332.113281,20,54,19.4657832,1,1
EN,24,1,DIQNFOGNTYNBDSNYNSLILNFQENDDGEQT,3,1228.205647063804,3895332.113281,20,54,19.4657832,1,1
ND,25,0,DIQNFOGNTYNBDSNYNSLILNFQENDDGEQT,3,1228.205647063804,3895332.113281,20,54,19.4657832,0,0
DD,26,0,DIQNFOGNTYNBDSNYNSLILNFQENDDGEQT,3,1228.205647063804,3895332.113281,20,54,19.4657832,0,0
DG,27,1,DIQNFOGNTYNBDSNYNSLILNFQENDDGEQT,3,1228.205647063804,3895332.113281,20,54,19.4657832,1,0
GE,28,0,DIQNFOGNTYNBDSNYNSLILNFQENDDGEQT,3,1228.205647063804,3895332.113281,20,54,19.4657832,0,0
EQ,29,1,DIQNFOGNTYNBDSNYNSLILNFQENDDGEQT,3,1228.205647063804,3895332.113281,20,54,19.4657832,1,0
QT,30,0,DIQNFOGNTYNBDSNYNSLILNFQENDDGEQT,3,1228.205647063804,3895332.113281,20,54,19.4657832,0,0
DI,0,0,DIQNFOGNTYNBDSNYNSLILNFQENDDGEQT,4,921.405560699237,4006815.907715,20,55,19.5789858,0,1
IQ,1,0,DIQNFOGNTYNBDSNYNSLILNFQENDDGEQT,4,921.405560699237,4006815.907715,20,55,19.5789858,0,1
QN,2,1,DIQNFOGNTYNBDSNYNSLILNFQENDDGEQT,4,921.405560699237,4006815.907715,20,55,19.5789858,1,1
NF,3,1,DIQNFOGNTYNBDSNYNSLILNFQENDDGEQT,4,921.405560699237,4006815.907715,20,55,19.5789858,1,1
FO,4,1,DIQNFOGNTYNBDSNYNSLILNFQENDDGEQT,4,921.405560699237,4006815.907715,20,55,19.5789858,1,1
OG,5,1,DIQNFOGNTYNBDSNYNSLILNFQENDDGEQT,4,921.405560699237,4006815.907715,20,55,19.5789858,1,1
GN,6,0,DIQNFOGNTYNBDSNYNSLILNFQENDDGEQT,4,921.405560699237,4006815.907715,20,55,19.5789858,0,1
NT,7,1,DIQNFOGNTYNBDSNYNSLILNFQENDDGEQT,4,921.405560699237,4006815.907715,20,55,19.5789858,1,1
TY,8,0,DIQNFOGNTYNBDSNYNSLILNFQENDDGEQT,4,921.405560699237,4006815.907715,20,55,19.5789858,0,1
YN,9,1,DIQNFOGNTYNBDSNYNSLILNFQENDDGEQT,4,921.405560699237,4006815.907715,20,55,19.5789858,1,1
NB,10,1,DIQNFOGNTYNBDSNYNSLILNFQENDDGEQT,4,921.405560699237,4006815.907715,20,55,19.5789858,1,1
BD,11,0,DIQNFOGNTYNBDSNYNSLILNFQENDDGEQT,4,921.405560699237,4006815.907715,20,55,19.5789858,0,1
DS,12,0,DIQNFOGNTYNBDSNYNSLILNFQENDDGEQT,4,921.405560699237,4006815.907715,20,55,19.5789858,0,1
SN,13,1,DIQNFOGNTYNBDSNYNSLILNFQENDDGEQT,4,921.405560699237,4006815.907715,20,55,19.5789858,1,1
NY,14,1,DIQNFOGNTYNBDSNYNSLILNFQENDDGEQT,4,921.405560699237,4006815.907715,20,55,19.5789858,1,1
YN,15,1,DIQNFOGNTYNBDSNYNSLILNFQENDDGEQT,4,921.405560699237,4006815.907715,20,55,19.5789858,1,1
NS,16,1,DIQNFOGNTYNBDSNYNSLILNFQENDDGEQT,4,921.405560699237,4006815.907715,20,55,19.5789858,1,1
SL,17,1,DIQNFOGNTYNBDSNYNSLILNFQENDDGEQT,4,921.405560699237,4006815.907715,20,55,19.5789858,1,1
LI,18,1,DIQNFOGNTYNBDSNYNSLILNFQENDDGEQT,4,921.405560699237,4006815.907715,20,55,19.5789858,1,1
IL,19,1,DIQNFOGNTYNBDSNYNSLILNFQENDDGEQT,4,921.405560699237,4006815.907715,20,55,19.5789858,1,1
LN,20,1,DIQNFOGNTYNBDSNYNSLILNFQENDDGEQT,4,921.405560699237,4006815.907715,20,55,19.5789858,1,1
NF,21,1,DIQNFOGNTYNBDSNYNSLILNFQENDDGEQT,4,921.405560699237,4006815.907715,20,55,19.5789858,1,1
FQ,22,1,DIQNFOGNTYNBDSNYNSLILNFQENDDGEQT,4,921.405560699237,4006815.907715,20,55,19.5789858,1,1
QE,23,1,DIQNFOGNTYNBDSNYNSLILNFQENDDGEQT,4,921.405560699237,4006815.907715,20,55,19.5789858,1,1
EN,24,1,DIQNFOGNTYNBDSNYNSLILNFQENDDGEQT,4,921.405560699237,4006815.907715,20,55,19.5789858,1,1
ND,25,0,DIQNFOGNTYNBDSNYNSLILNFQENDDGEQT,4,921.405560699237,4006815.907715,20,55,19.5789858,0,1
DD,26,0,DIQNFOGNTYNBDSNYNSLILNFQENDDGEQT,4,921.405560699237,4006815.907715,20,55,19.5789858,0,1
DG,27,1,DIQNFOGNTYNBDSNYNSLILNFQENDDGEQT,4,921.405560699237,4006815.907715,20,55,19.5789858,1,1
GE,28,0,DIQNFOGNTYNBDSNYNSLILNFQENDDGEQT,4,921.405560699237,4006815.907715,20,55,19.5789858,0,1
EQ,29,0,DIQNFOGNTYNBDSNYNSLILNFQENDDGEQT,4,921.405560699237,4006815.907715,20,55,19.5789858,0,1
QT,30,0,DIQNFOGNTYNBDSNYNSLILNFQENDDGEQT,4,921.405560699237,4006815.907715,20,55,19.5789858,0,0
DI,0,0,DIQNFOGNTYNBDSNYNSLILNFQENDDGEQT,4,921.405560699237,3499636.437988,20,57,20.231964,0,1
IQ,1,0,DIQNFOGNTYNBDSNYNSLILNFQENDDGEQT,4,921.405560699237,3499636.437988,20,57,20.231964,0,1
QN,2,1,DIQNFOGNTYNBDSNYNSLILNFQENDDGEQT,4,921.405560699237,3499636.437988,20,57,20.231964,1,1
NF,3,1,DIQNFOGNTYNBDSNYNSLILNFQENDDGEQT,4,921.405560699237,3499636.437988,20,57,20.231964,1,1
FO,4,1,DIQNFOGNTYNBDSNYNSLILNFQENDDGEQT,4,921.405560699237,3499636.437988,20,57,20.231964,1,1
OG,5,1,DIQNFOGNTYNBDSNYNSLILNFQENDDGEQT,4,921.405560699237,3499636.437988,20,57,20.231964,1,1
GN,6,0,DIQNFOGNTYNBDSNYNSLILNFQENDDGEQT,4,921.405560699237,3499636.437988,20,57,20.231964,0,1
NT,7,1,DIQNFOGNTYNBDSNYNSLILNFQENDDGEQT,4,921.405560699237,3499636.437988,20,57,20.231964,1,1
TY,8,0,DIQNFOGNTYNBDSNYNSLILNFQENDDGEQT,4,921.405560699237,3499636.437988,20,57,20.231964,0,1
YN,9,1,DIQNFOGNTYNBDSNYNSLILNFQENDDGEQT,4,921.405560699237,3499636.437988,20,57,20.231964,1,1
NB,10,1,DIQNFOGNTYNBDSNYNSLILNFQENDDGEQT,4,921.405560699237,3499636.437988,20,57,20.231964,1,1
BD,11,0,DIQNFOGNTYNBDSNYNSLILNFQENDDGEQT,4,921.405560699237,3499636.437988,20,57,20.231964,0,1
DS,12,0,DIQNFOGNTYNBDSNYNSLILNFQENDDGEQT,4,921.405560699237,3499636.437988,20,57,20.231964,0,1
SN,13,0,DIQNFOGNTYNBDSNYNSLILNFQENDDGEQT,4,921.405560699237,3499636.437988,20,57,20.231964,0,1
NY,14,1,DIQNFOGNTYNBDSNYNSLILNFQENDDGEQT,4,921.405560699237,3499636.437988,20,57,20.231964,1,1
YN,15,1,DIQNFOGNTYNBDSNYNSLILNFQENDDGEQT,4,921.405560699237,3499636.437988,20,57,20.231964,1,1
NS,16,1,DIQNFOGNTYNBDSNYNSLILNFQENDDGEQT,4,921.405560699237,3499636.437988,20,57,20.231964,1,1
SL,17,1,DIQNFOGNTYNBDSNYNSLILNFQENDDGEQT,4,921.405560699237,3499636.437988,20,57,20.231964,1,1
LI,18,1,DIQNFOGNTYNBDSNYNSLILNFQENDDGEQT,4,921.405560699237,3499636.437988,20,57,20.231964,1,1
IL,19,1,DIQNFOGNTYNBDSNYNSLILNFQENDDGEQT,4,921.405560699237,3499636.437988,20,57,20.231964,1,1
LN,20,1,DIQNFOGNTYNBDSNYNSLILNFQENDDGEQT,4,921.405560699237,3499636.437988,20,57,20.231964,1,1
NF,21,1,DIQNFOGNTYNBDSNYNSLILNFQENDDGEQT,4,921.405560699237,3499636.437988,20,57,20.231964,1,1
FQ,22,1,DIQNFOGNTYNBDSNYNSLILNFQENDDGEQT,4,921.405560699237,3499636.437988,20,57,20.231964,1,1
QE,23,1,DIQNFOGNTYNBDSNYNSLILNFQENDDGEQT,4,921.405560699237,3499636.437988,20,57,20.231964,1,1
EN,24,1,DIQNFOGNTYNBDSNYNSLILNFQENDDGEQT,4,921.405560699237,3499636.437988,20,57,20.231964,1,1
ND,25,1,DIQNFOGNTYNBDSNYNSLILNFQENDDGEQT,4,921.405560699237,3499636.437988,20,57,20.231964,1,1
DD,26,0,DIQNFOGNTYNBDSNYNSLILNFQENDDGEQT,4,921.405560699237,3499636.437988,20,57,20.231964,0,1
DG,27,0,DIQNFOGNTYNBDSNYNSLILNFQENDDGEQT,4,921.405560699237,3499636.437988,20,57,20.231964,0,1
GE,28,1,DIQNFOGNTYNBDSNYNSLILNFQENDDGEQT,4,921.405560699237,3499636.437988,20,57,20.231964,1,1
EQ,29,0,DIQNFOGNTYNBDSNYNSLILNFQENDDGEQT,4,921.405560699237,3499636.437988,20,57,20.231964,0,1
QT,30,0,DIQNFOGNTYNBDSNYNSLILNFQENDDGEQT,4,921.405560699237,3499636.437988,20,57,20.231964,0,0
DI,0,0,DIQNFOGNTYNBDSNYNSLILNFQENDDGEQT,3,1228.205716765793,3358350.881348,20,58,20.3127,0,0
IQ,1,1,DIQNFOGNTYNBDSNYNSLILNFQENDDGEQT,3,1228.205716765793,3358350.881348,20,58,20.3127,1,1
QN,2,1,DIQNFOGNTYNBDSNYNSLILNFQENDDGEQT,3,1228.205716765793,3358350.881348,20,58,20.3127,1,1
NF,3,1,DIQNFOGNTYNBDSNYNSLILNFQENDDGEQT,3,1228.205716765793,3358350.881348,20,58,20.3127,1,1
FO,4,1,DIQNFOGNTYNBDSNYNSLILNFQENDDGEQT,3,1228.205716765793,3358350.881348,20,58,20.3127,1,1
OG,5,1,DIQNFOGNTYNBDSNYNSLILNFQENDDGEQT,3,1228.205716765793,3358350.881348,20,58,20.3127,1,1
GN,6,0,DIQNFOGNTYNBDSNYNSLILNFQENDDGEQT,3,1228.205716765793,3358350.881348,20,58,20.3127,0,1
NT,7,1,DIQNFOGNTYNBDSNYNSLILNFQENDDGEQT,3,1228.205716765793,3358350.881348,20,58,20.3127,1,1
TY,8,0,DIQNFOGNTYNBDSNYNSLILNFQENDDGEQT,3,1228.205716765793,3358350.881348,20,58,20.3127,0,1
YN,9,0,DIQNFOGNTYNBDSNYNSLILNFQENDDGEQT,3,1228.205716765793,3358350.881348,20,58,20.3127,0,1
NB,10,0,DIQNFOGNTYNBDSNYNSLILNFQENDDGEQT,3,1228.205716765793,3358350.881348,20,58,20.3127,0,1
BD,11,0,DIQNFOGNTYNBDSNYNSLILNFQENDDGEQT,3,1228.205716765793,3358350.881348,20,58,20.3127,0,1
DS,12,0,DIQNFOGNTYNBDSNYNSLILNFQENDDGEQT,3,1228.205716765793,3358350.881348,20,58,20.3127,0,1
SN,13,0,DIQNFOGNTYNBDSNYNSLILNFQENDDGEQT,3,1228.205716765793,3358350.881348,20,58,20.3127,0,1
NY,14,0,DIQNFOGNTYNBDSNYNSLILNFQENDDGEQT,3,1228.205716765793,3358350.881348,20,58,20.3127,0,1
YN,15,1,DIQNFOGNTYNBDSNYNSLILNFQENDDGEQT,3,1228.205716765793,3358350.881348,20,58,20.3127,1,1
NS,16,1,DIQNFOGNTYNBDSNYNSLILNFQENDDGEQT,3,1228.205716765793,3358350.881348,20,58,20.3127,1,1
SL,17,1,DIQNFOGNTYNBDSNYNSLILNFQENDDGEQT,3,1228.205716765793,3358350.881348,20,58,20.3127,1,1
LI,18,1,DIQNFOGNTYNBDSNYNSLILNFQENDDGEQT,3,1228.205716765793,3358350.881348,20,58,20.3127,1,1
IL,19,1,DIQNFOGNTYNBDSNYNSLILNFQENDDGEQT,3,1228.205716765793,3358350.881348,20,58,20.3127,1,1
LN,20,1,DIQNFOGNTYNBDSNYNSLILNFQENDDGEQT,3,1228.205716765793,3358350.881348,20,58,20.3127,1,1
NF,21,1,DIQNFOGNTYNBDSNYNSLILNFQENDDGEQT,3,1228.205716765793,3358350.881348,20,58,20.3127,1,1
FQ,22,1,DIQNFOGNTYNBDSNYNSLILNFQENDDGEQT,3,1228.205716765793,3358350.881348,20,58,20.3127,1,1
QE,23,1,DIQNFOGNTYNBDSNYNSLILNFQENDDGEQT,3,1228.205716765793,3358350.881348,20,58,20.3127,1,1
EN,24,1,DIQNFOGNTYNBDSNYNSLILNFQENDDGEQT,3,1228.205716765793,3358350.881348,20,58,20.3127,1,1
ND,25,0,DIQNFOGNTYNBDSNYNSLILNFQENDDGEQT,3,1228.205716765793,3358350.881348,20,58,20.3127,0,0
DD,26,0,DIQNFOGNTYNBDSNYNSLILNFQENDDGEQT,3,1228.205716765793,3358350.881348,20,58,20.3127,0,0
DG,27,1,DIQNFOGNTYNBDSNYNSLILNFQENDDGEQT,3,1228.205716765793,3358350.881348,20,58,20.3127,1,0
GE,28,0,DIQNFOGNTYNBDSNYNSLILNFQENDDGEQT,3,1228.205716765793,3358350.881348,20,58,20.3127,0,0
EQ,29,1,DIQNFOGNTYNBDSNYNSLILNFQENDDGEQT,3,1228.205716765793,3358350.881348,20,58,20.3127,1,0
QT,30,0,DIQNFOGNTYNBDSNYNSLILNFQENDDGEQT,3,1228.205716765793,3358350.881348,20,58,20.3127,0,0
DI,0,0,DIQNFOGNTYNBDSNYNSLILNFQENDDGEQT,4,921.405635241729,2699641.675781,20,61,21.5821482,0,1
IQ,1,0,DIQNFOGNTYNBDSNYNSLILNFQENDDGEQT,4,921.405635241729,2699641.675781,20,61,21.5821482,0,1
QN,2,1,DIQNFOGNTYNBDSNYNSLILNFQENDDGEQT,4,921.405635241729,2699641.675781,20,61,21.5821482,1,1
NF,3,0,DIQNFOGNTYNBDSNYNSLILNFQENDDGEQT,4,921.405635241729,2699641.675781,20,61,21.5821482,0,1
FO,4,1,DIQNFOGNTYNBDSNYNSLILNFQENDDGEQT,4,921.405635241729,2699641.675781,20,61,21.5821482,1,1
OG,5,1,DIQNFOGNTYNBDSNYNSLILNFQENDDGEQT,4,921.405635241729,2699641.675781,20,61,21.5821482,1,1
GN,6,0,DIQNFOGNTYNBDSNYNSLILNFQENDDGEQT,4,921.405635241729,2699641.675781,20,61,21.5821482,0,1
NT,7,0,DIQNFOGNTYNBDSNYNSLILNFQENDDGEQT,4,921.405635241729,2699641.675781,20,61,21.5821482,0,1
TY,8,1,DIQNFOGNTYNBDSNYNSLILNFQENDDGEQT,4,921.405635241729,2699641.675781,20,61,21.5821482,1,1
YN,9,1,DIQNFOGNTYNBDSNYNSLILNFQENDDGEQT,4,921.405635241729,2699641.675781,20,61,21.5821482,1,1
NB,10,1,DIQNFOGNTYNBDSNYNSLILNFQENDDGEQT,4,921.405635241729,2699641.675781,20,61,21.5821482,1,1
BD,11,0,DIQNFOGNTYNBDSNYNSLILNFQENDDGEQT,4,921.405635241729,2699641.675781,20,61,21.5821482,0,1
DS,12,0,DIQNFOGNTYNBDSNYNSLILNFQENDDGEQT,4,921.405635241729,2699641.675781,20,61,21.5821482,0,1
SN,13,0,DIQNFOGNTYNBDSNYNSLILNFQENDDGEQT,4,921.405635241729,2699641.675781,20,61,21.5821482,0,1
NY,14,0,DIQNFOGNTYNBDSNYNSLILNFQENDDGEQT,4,921.405635241729,2699641.675781,20,61,21.5821482,0,1
YN,15,0,DIQNFOGNTYNBDSNYNSLILNFQENDDGEQT,4,921.405635241729,2699641.675781,20,61,21.5821482,0,1
NS,16,1,DIQNFOGNTYNBDSNYNSLILNFQENDDGEQT,4,921.405635241729,2699641.675781,20,61,21.5821482,1,1
SL,17,1,DIQNFOGNTYNBDSNYNSLILNFQENDDGEQT,4,921.405635241729,2699641.675781,20,61,21.5821482,1,1
LI,18,1,DIQNFOGNTYNBDSNYNSLILNFQENDDGEQT,4,921.405635241729,2699641.675781,20,61,21.5821482,1,1
IL,19,1,DIQNFOGNTYNBDSNYNSLILNFQENDDGEQT,4,921.405635241729,2699641.675781,20,61,21.5821482,1,1
LN,20,1,DIQNFOGNTYNBDSNYNSLILNFQENDDGEQT,4,921.405635241729,2699641.675781,20,61,21.5821482,1,1
NF,21,1,DIQNFOGNTYNBDSNYNSLILNFQENDDGEQT,4,921.405635241729,2699641.675781,20,61,21.5821482,1,1
FQ,22,1,DIQNFOGNTYNBDSNYNSLILNFQENDDGEQT,4,921.405635241729,2699641.675781,20,61,21.5821482,1,1
QE,23,1,DIQNFOGNTYNBDSNYNSLILNFQENDDGEQT,4,921.405635241729,2699641.675781,20,61,21.5821482,1,1
EN,24,1,DIQNFOGNTYNBDSNYNSLILNFQENDDGEQT,4,921.405635241729,2699641.675781,20,61,21.5821482,1,1
ND,25,0,DIQNFOGNTYNBDSNYNSLILNFQENDDGEQT,4,921.405635241729,2699641.675781,20,61,21.5821482,0,1
DD,26,0,DIQNFOGNTYNBDSNYNSLILNFQENDDGEQT,4,921.405635241729,2699641.675781,20,61,21.5821482,0,1
DG,27,0,DIQNFOGNTYNBDSNYNSLILNFQENDDGEQT,4,921.405635241729,2699641.675781,20,61,21.5821482,0,1
GE,28,0,DIQNFOGNTYNBDSNYNSLILNFQENDDGEQT,4,921.405635241729,2699641.675781,20,61,21.5821482,0,1
EQ,29,0,DIQNFOGNTYNBDSNYNSLILNFQENDDGEQT,4,921.405635241729,2699641.675781,20,61,21.5821482,0,0
QT,30,0,DIQNFOGNTYNBDSNYNSLILNFQENDDGEQT,4,921.405635241729,2699641.675781,20,61,21.5821482,0,0
DI,0,0,DIQNFOGNTYNBDSNYNSLILNFQENDDGEQT,3,1228.205932511561,2290133.010254,20,62,21.6628818,0,0
IQ,1,1,DIQNFOGNTYNBDSNYNSLILNFQENDDGEQT,3,1228.205932511561,2290133.010254,20,62,21.6628818,1,0
QN,2,1,DIQNFOGNTYNBDSNYNSLILNFQENDDGEQT,3,1228.205932511561,2290133.010254,20,62,21.6628818,1,0
NF,3,1,DIQNFOGNTYNBDSNYNSLILNFQENDDGEQT,3,1228.205932511561,2290133.010254,20,62,21.6628818,1,1
FO,4,1,DIQNFOGNTYNBDSNYNSLILNFQENDDGEQT,3,1228.205932511561,2290133.010254,20,62,21.6628818,1,1
OG,5,1,DIQNFOGNTYNBDSNYNSLILNFQENDDGEQT,3,1228.205932511561,2290133.010254,20,62,21.6628818,1,1
GN,6,0,DIQNFOGNTYNBDSNYNSLILNFQENDDGEQT,3,1228.205932511561,2290133.010254,20,62,21.6628818,0,1
NT,7,0,DIQNFOGNTYNBDSNYNSLILNFQENDDGEQT,3,1228.205932511561,2290133.010254,20,62,21.6628818,0,1
TY,8,0,DIQNFOGNTYNBDSNYNSLILNFQENDDGEQT,3,1228.205932511561,2290133.010254,20,62,21.6628818,0,1
YN,9,0,DIQNFOGNTYNBDSNYNSLILNFQENDDGEQT,3,1228.205932511561,2290133.010254,20,62,21.6628818,0,1
NB,10,1,DIQNFOGNTYNBDSNYNSLILNFQENDDGEQT,3,1228.205932511561,2290133.010254,20,62,21.6628818,1,1
BD,11,0,DIQNFOGNTYNBDSNYNSLILNFQENDDGEQT,3,1228.205932511561,2290133.010254,20,62,21.6628818,0,1
DS,12,0,DIQNFOGNTYNBDSNYNSLILNFQENDDGEQT,3,1228.205932511561,2290133.010254,20,62,21.6628818,0,1
SN,13,0,DIQNFOGNTYNBDSNYNSLILNFQENDDGEQT,3,1228.205932511561,2290133.010254,20,62,21.6628818,0,1
NY,14,0,DIQNFOGNTYNBDSNYNSLILNFQENDDGEQT,3,1228.205932511561,2290133.010254,20,62,21.6628818,0,1
YN,15,0,DIQNFOGNTYNBDSNYNSLILNFQENDDGEQT,3,1228.205932511561,2290133.010254,20,62,21.6628818,0,1
NS,16,1,DIQNFOGNTYNBDSNYNSLILNFQENDDGEQT,3,1228.205932511561,2290133.010254,20,62,21.6628818,1,1
SL,17,1,DIQNFOGNTYNBDSNYNSLILNFQENDDGEQT,3,1228.205932511561,2290133.010254,20,62,21.6628818,1,1
LI,18,1,DIQNFOGNTYNBDSNYNSLILNFQENDDGEQT,3,1228.205932511561,2290133.010254,20,62,21.6628818,1,1
IL,19,1,DIQNFOGNTYNBDSNYNSLILNFQENDDGEQT,3,1228.205932511561,2290133.010254,20,62,21.6628818,1,1
LN,20,1,DIQNFOGNTYNBDSNYNSLILNFQENDDGEQT,3,1228.205932511561,2290133.010254,20,62,21.6628818,1,1
NF,21,1,DIQNFOGNTYNBDSNYNSLILNFQENDDGEQT,3,1228.205932511561,2290133.010254,20,62,21.6628818,1,1
FQ,22,1,DIQNFOGNTYNBDSNYNSLILNFQENDDGEQT,3,1228.205932511561,2290133.010254,20,62,21.6628818,1,1
QE,23,1,DIQNFOGNTYNBDSNYNSLILNFQENDDGEQT,3,1228.205932511561,2290133.010254,20,62,21.6628818,1,1
EN,24,1,DIQNFOGNTYNBDSNYNSLILNFQENDDGEQT,3,1228.205932511561,2290133.010254,20,62,21.6628818,1,0
ND,25,0,DIQNFOGNTYNBDSNYNSLILNFQENDDGEQT,3,1228.205932511561,2290133.010254,20,62,21.6628818,0,0
DD,26,0,DIQNFOGNTYNBDSNYNSLILNFQENDDGEQT,3,1228.205932511561,2290133.010254,20,62,21.6628818,0,0
DG,27,0,DIQNFOGNTYNBDSNYNSLILNFQENDDGEQT,3,1228.205932511561,2290133.010254,20,62,21.6628818,0,0
GE,28,0,DIQNFOGNTYNBDSNYNSLILNFQENDDGEQT,3,1228.205932511561,2290133.010254,20,62,21.6628818,0,0
EQ,29,1,DIQNFOGNTYNBDSNYNSLILNFQENDDGEQT,3,1228.205932511561,2290133.010254,20,62,21.6628818,1,0
QT,30,0,DIQNFOGNTYNBDSNYNSLILNFQENDDGEQT,3,1228.205932511561,2290133.010254,20,62,21.6628818,0,0
DI,0,0,DIQNFOGNTYNBDSNYNSLILNFQENDDGEQT,3,1228.205404003072,2088045.625977,20,67,24.2102748,0,0
IQ,1,1,DIQNFOGNTYNBDSNYNSLILNFQENDDGEQT,3,1228.205404003072,2088045.625977,20,67,24.2102748,1,0
QN,2,1,DIQNFOGNTYNBDSNYNSLILNFQENDDGEQT,3,1228.205404003072,2088045.625977,20,67,24.2102748,1,0
NF,3,1,DIQNFOGNTYNBDSNYNSLILNFQENDDGEQT,3,1228.205404003072,2088045.625977,20,67,24.2102748,1,0
FO,4,1,DIQNFOGNTYNBDSNYNSLILNFQENDDGEQT,3,1228.205404003072,2088045.625977,20,67,24.2102748,1,0
OG,5,1,DIQNFOGNTYNBDSNYNSLILNFQENDDGEQT,3,1228.205404003072,2088045.625977,20,67,24.2102748,1,0
GN,6,0,DIQNFOGNTYNBDSNYNSLILNFQENDDGEQT,3,1228.205404003072,2088045.625977,20,67,24.2102748,0,0
NT,7,0,DIQNFOGNTYNBDSNYNSLILNFQENDDGEQT,3,1228.205404003072,2088045.625977,20,67,24.2102748,0,1
TY,8,0,DIQNFOGNTYNBDSNYNSLILNFQENDDGEQT,3,1228.205404003072,2088045.625977,20,67,24.2102748,0,1
YN,9,0,DIQNFOGNTYNBDSNYNSLILNFQENDDGEQT,3,1228.205404003072,2088045.625977,20,67,24.2102748,0,1
NB,10,0,DIQNFOGNTYNBDSNYNSLILNFQENDDGEQT,3,1228.205404003072,2088045.625977,20,67,24.2102748,0,1
BD,11,0,DIQNFOGNTYNBDSNYNSLILNFQENDDGEQT,3,1228.205404003072,2088045.625977,20,67,24.2102748,0,1
DS,12,0,DIQNFOGNTYNBDSNYNSLILNFQENDDGEQT,3,1228.205404003072,2088045.625977,20,67,24.2102748,0,1
SN,13,0,DIQNFOGNTYNBDSNYNSLILNFQENDDGEQT,3,1228.205404003072,2088045.625977,20,67,24.2102748,0,1
NY,14,0,DIQNFOGNTYNBDSNYNSLILNFQENDDGEQT,3,1228.205404003072,2088045.625977,20,67,24.2102748,0,1
YN,15,1,DIQNFOGNTYNBDSNYNSLILNFQENDDGEQT,3,1228.205404003072,2088045.625977,20,67,24.2102748,1,1
NS,16,1,DIQNFOGNTYNBDSNYNSLILNFQENDDGEQT,3,1228.205404003072,2088045.625977,20,67,24.2102748,1,1
SL,17,0,DIQNFOGNTYNBDSNYNSLILNFQENDDGEQT,3,1228.205404003072,2088045.625977,20,67,24.2102748,0,1
LI,18,1,DIQNFOGNTYNBDSNYNSLILNFQENDDGEQT,3,1228.205404003072,2088045.625977,20,67,24.2102748,1,1
IL,19,1,DIQNFOGNTYNBDSNYNSLILNFQENDDGEQT,3,1228.205404003072,2088045.625977,20,67,24.2102748,1,1
LN,20,1,DIQNFOGNTYNBDSNYNSLILNFQENDDGEQT,3,1228.205404003072,2088045.625977,20,67,24.2102748,1,1
NF,21,1,DIQNFOGNTYNBDSNYNSLILNFQENDDGEQT,3,1228.205404003072,2088045.625977,20,67,24.2102748,1,1
FQ,22,1,DIQNFOGNTYNBDSNYNSLILNFQENDDGEQT,3,1228.205404003072,2088045.625977,20,67,24.2102748,1,1
QE,23,1,DIQNFOGNTYNBDSNYNSLILNFQENDDGEQT,3,1228.205404003072,2088045.625977,20,67,24.2102748,1,1
EN,24,1,DIQNFOGNTYNBDSNYNSLILNFQENDDGEQT,3,1228.205404003072,2088045.625977,20,67,24.2102748,1,0
ND,25,0,DIQNFOGNTYNBDSNYNSLILNFQENDDGEQT,3,1228.205404003072,2088045.625977,20,67,24.2102748,0,0
DD,26,0,DIQNFOGNTYNBDSNYNSLILNFQENDDGEQT,3,1228.205404003072,2088045.625977,20,67,24.2102748,0,0
DG,27,0,DIQNFOGNTYNBDSNYNSLILNFQENDDGEQT,3,1228.205404003072,2088045.625977,20,67,24.2102748,0,0
GE,28,0,DIQNFOGNTYNBDSNYNSLILNFQENDDGEQT,3,1228.205404003072,2088045.625977,20,67,24.2102748,0,0
EQ,29,0,DIQNFOGNTYNBDSNYNSLILNFQENDDGEQT,3,1228.205404003072,2088045.625977,20,67,24.2102748,0,0
QT,30,0,DIQNFOGNTYNBDSNYNSLILNFQENDDGEQT,3,1228.205404003072,2088045.625977,20,67,24.2102748,0,0
DI,0,0,DIQNFOGNTYNBDSNYNSLILNFQENDDGEQT,4,921.405740109805,1718831.812988,20,72,26.774088,0,1
IQ,1,0,DIQNFOGNTYNBDSNYNSLILNFQENDDGEQT,4,921.405740109805,1718831.812988,20,72,26.774088,0,1
QN,2,1,DIQNFOGNTYNBDSNYNSLILNFQENDDGEQT,4,921.405740109805,1718831.812988,20,72,26.774088,1,1
NF,3,1,DIQNFOGNTYNBDSNYNSLILNFQENDDGEQT,4,921.405740109805,1718831.812988,20,72,26.774088,1,1
FO,4,1,DIQNFOGNTYNBDSNYNSLILNFQENDDGEQT,4,921.405740109805,1718831.812988,20,72,26.774088,1,1
OG,5,1,DIQNFOGNTYNBDSNYNSLILNFQENDDGEQT,4,921.405740109805,1718831.812988,20,72,26.774088,1,1
GN,6,0,DIQNFOGNTYNBDSNYNSLILNFQENDDGEQT,4,921.405740109805,1718831.812988,20,72,26.774088,0,1
NT,7,0,DIQNFOGNTYNBDSNYNSLILNFQENDDGEQT,4,921.405740109805,1718831.812988,20,72,26.774088,0,1
TY,8,0,DIQNFOGNTYNBDSNYNSLILNFQENDDGEQT,4,921.405740109805,1718831.812988,20,72,26.774088,0,1
YN,9,1,DIQNFOGNTYNBDSNYNSLILNFQENDDGEQT,4,921.405740109805,1718831.812988,20,72,26.774088,1,1
NB,10,0,DIQNFOGNTYNBDSNYNSLILNFQENDDGEQT,4,921.405740109805,1718831.812988,20,72,26.774088,0,1
BD,11,0,DIQNFOGNTYNBDSNYNSLILNFQENDDGEQT,4,921.405740109805,1718831.812988,20,72,26.774088,0,1
DS,12,0,DIQNFOGNTYNBDSNYNSLILNFQENDDGEQT,4,921.405740109805,1718831.812988,20,72,26.774088,0,1
SN,13,0,DIQNFOGNTYNBDSNYNSLILNFQENDDGEQT,4,921.405740109805,1718831.812988,20,72,26.774088,0,1
NY,14,0,DIQNFOGNTYNBDSNYNSLILNFQENDDGEQT,4,921.405740109805,1718831.812988,20,72,26.774088,0,1
YN,15,1,DIQNFOGNTYNBDSNYNSLILNFQENDDGEQT,4,921.405740109805,1718831.812988,20,72,26.774088,1,1
NS,16,1,DIQNFOGNTYNBDSNYNSLILNFQENDDGEQT,4,921.405740109805,1718831.812988,20,72,26.774088,1,1
SL,17,1,DIQNFOGNTYNBDSNYNSLILNFQENDDGEQT,4,921.405740109805,1718831.812988,20,72,26.774088,1,1
LI,18,1,DIQNFOGNTYNBDSNYNSLILNFQENDDGEQT,4,921.405740109805,1718831.812988,20,72,26.774088,1,1
IL,19,1,DIQNFOGNTYNBDSNYNSLILNFQENDDGEQT,4,921.405740109805,1718831.812988,20,72,26.774088,1,1
LN,20,1,DIQNFOGNTYNBDSNYNSLILNFQENDDGEQT,4,921.405740109805,1718831.812988,20,72,26.774088,1,1
NF,21,1,DIQNFOGNTYNBDSNYNSLILNFQENDDGEQT,4,921.405740109805,1718831.812988,20,72,26.774088,1,1
FQ,22,0,DIQNFOGNTYNBDSNYNSLILNFQENDDGEQT,4,921.405740109805,1718831.812988,20,72,26.774088,0,1
QE,23,0,DIQNFOGNTYNBDSNYNSLILNFQENDDGEQT,4,921.405740109805,1718831.812988,20,72,26.774088,0,1
EN,24,1,DIQNFOGNTYNBDSNYNSLILNFQENDDGEQT,4,921.405740109805,1718831.812988,20,72,26.774088,1,1
ND,25,0,DIQNFOGNTYNBDSNYNSLILNFQENDDGEQT,4,921.405740109805,1718831.812988,20,72,26.774088,0,1
DD,26,0,DIQNFOGNTYNBDSNYNSLILNFQENDDGEQT,4,921.405740109805,1718831.812988,20,72,26.774088,0,1
DG,27,0,DIQNFOGNTYNBDSNYNSLILNFQENDDGEQT,4,921.405740109805,1718831.812988,20,72,26.774088,0,0
GE,28,0,DIQNFOGNTYNBDSNYNSLILNFQENDDGEQT,4,921.405740109805,1718831.812988,20,72,26.774088,0,0
EQ,29,0,DIQNFOGNTYNBDSNYNSLILNFQENDDGEQT,4,921.405740109805,1718831.812988,20,72,26.774088,0,0
QT,30,0,DIQNFOGNTYNBDSNYNSLILNFQENDDGEQT,4,921.405740109805,1718831.812988,20,72,26.774088,0,0
DI,0,0,DIQNFOGNTYNBDSNYNSLILNFQENDDGEQT,4,921.405692153997,1620479.810059,20,75,28.0802712,0,1
IQ,1,0,DIQNFOGNTYNBDSNYNSLILNFQENDDGEQT,4,921.405692153997,1620479.810059,20,75,28.0802712,0,1
QN,2,0,DIQNFOGNTYNBDSNYNSLILNFQENDDGEQT,4,921.405692153997,1620479.810059,20,75,28.0802712,0,1
NF,3,0,DIQNFOGNTYNBDSNYNSLILNFQENDDGEQT,4,921.405692153997,1620479.810059,20,75,28.0802712,0,1
FO,4,1,DIQNFOGNTYNBDSNYNSLILNFQENDDGEQT,4,921.405692153997,1620479.810059,20,75,28.0802712,1,1
OG,5,1,DIQNFOGNTYNBDSNYNSLILNFQENDDGEQT,4,921.405692153997,1620479.810059,20,75,28.0802712,1,1
GN,6,0,DIQNFOGNTYNBDSNYNSLILNFQENDDGEQT,4,921.405692153997,1620479.810059,20,75,28.0802712,0,1
NT,7,0,DIQNFOGNTYNBDSNYNSLILNFQENDDGEQT,4,921.405692153997,1620479.810059,20,75,28.0802712,0,1
TY,8,0,DIQNFOGNTYNBDSNYNSLILNFQENDDGEQT,4,921.405692153997,1620479.810059,20,75,28.0802712,0,1
YN,9,0,DIQNFOGNTYNBDSNYNSLILNFQENDDGEQT,4,921.405692153997,1620479.810059,20,75,28.0802712,0,1
NB,10,0,DIQNFOGNTYNBDSNYNSLILNFQENDDGEQT,4,921.405692153997,1620479.810059,20,75,28.0802712,0,1
BD,11,0,DIQNFOGNTYNBDSNYNSLILNFQENDDGEQT,4,921.405692153997,1620479.810059,20,75,28.0802712,0,1
DS,12,0,DIQNFOGNTYNBDSNYNSLILNFQENDDGEQT,4,921.405692153997,1620479.810059,20,75,28.0802712,0,1
SN,13,0,DIQNFOGNTYNBDSNYNSLILNFQENDDGEQT,4,921.405692153997,1620479.810059,20,75,28.0802712,0,1
NY,14,0,DIQNFOGNTYNBDSNYNSLILNFQENDDGEQT,4,921.405692153997,1620479.810059,20,75,28.0802712,0,1
YN,15,0,DIQNFOGNTYNBDSNYNSLILNFQENDDGEQT,4,921.405692153997,1620479.810059,20,75,28.0802712,0,1
NS,16,1,DIQNFOGNTYNBDSNYNSLILNFQENDDGEQT,4,921.405692153997,1620479.810059,20,75,28.0802712,1,1
SL,17,1,DIQNFOGNTYNBDSNYNSLILNFQENDDGEQT,4,921.405692153997,1620479.810059,20,75,28.0802712,1,1
LI,18,1,DIQNFOGNTYNBDSNYNSLILNFQENDDGEQT,4,921.405692153997,1620479.810059,20,75,28.0802712,1,1
IL,19,1,DIQNFOGNTYNBDSNYNSLILNFQENDDGEQT,4,921.405692153997,1620479.810059,20,75,28.0802712,1,1
LN,20,1,DIQNFOGNTYNBDSNYNSLILNFQENDDGEQT,4,921.405692153997,1620479.810059,20,75,28.0802712,1,1
NF,21,1,DIQNFOGNTYNBDSNYNSLILNFQENDDGEQT,4,921.405692153997,1620479.810059,20,75,28.0802712,1,1
FQ,22,0,DIQNFOGNTYNBDSNYNSLILNFQENDDGEQT,4,921.405692153997,1620479.810059,20,75,28.0802712,0,1
QE,23,0,DIQNFOGNTYNBDSNYNSLILNFQENDDGEQT,4,921.405692153997,1620479.810059,20,75,28.0802712,0,1
EN,24,0,DIQNFOGNTYNBDSNYNSLILNFQENDDGEQT,4,921.405692153997,1620479.810059,20,75,28.0802712,0,1
ND,25,0,DIQNFOGNTYNBDSNYNSLILNFQENDDGEQT,4,921.405692153997,1620479.810059,20,75,28.0802712,0,1
DD,26,0,DIQNFOGNTYNBDSNYNSLILNFQENDDGEQT,4,921.405692153997,1620479.810059,20,75,28.0802712,0,1
DG,27,0,DIQNFOGNTYNBDSNYNSLILNFQENDDGEQT,4,921.405692153997,1620479.810059,20,75,28.0802712,0,0
GE,28,0,DIQNFOGNTYNBDSNYNSLILNFQENDDGEQT,4,921.405692153997,1620479.810059,20,75,28.0802712,0,0
EQ,29,0,DIQNFOGNTYNBDSNYNSLILNFQENDDGEQT,4,921.405692153997,1620479.810059,20,75,28.0802712,0,0
QT,30,0,DIQNFOGNTYNBDSNYNSLILNFQENDDGEQT,4,921.405692153997,1620479.810059,20,75,28.0802712,0,0
